"YEAR","MONTH","DAY","DAY_OF_WEEK","MKT_UNIQUE_CARRIER","TotalFlights","CancelledFlights","CarrierDelayCnt","WeatherDelayCnt","NASDelayCnt","SecurityDelayCnt","LateAircraftCnt","OnTimeCnt"
2021,1,1,5,"AA",2884,83,171,143,201,4,107,2801
2021,1,2,6,"AA",3629,13,296,35,262,5,222,3616
2021,1,3,7,"AA",3730,22,345,58,336,3,266,3708
2021,1,4,1,"AA",3640,52,213,46,429,3,214,3588
2021,1,5,2,"AA",2510,11,108,12,81,1,43,2499
2021,1,6,3,"AA",2624,4,125,14,153,1,64,2620
2021,1,7,4,"AA",3403,7,82,7,75,2,59,3396
2021,1,8,5,"AA",3554,101,234,117,256,5,204,3453
2021,1,9,6,"AA",2824,2,125,8,69,0,61,2822
2021,1,10,7,"AA",3532,349,186,398,305,2,172,3183
2021,1,11,1,"AA",3403,6,120,12,104,1,78,3397
2021,1,12,2,"AA",2602,0,64,6,87,0,52,2602
2021,1,13,3,"AA",2632,0,92,8,137,3,54,2632
2021,1,14,4,"AA",3406,11,111,14,129,3,65,3395
2021,1,15,5,"AA",3557,26,179,123,377,3,235,3531
2021,1,16,6,"AA",2801,2,86,17,88,3,29,2799
2021,1,17,7,"AA",3341,0,120,19,184,2,89,3341
2021,1,18,1,"AA",3245,3,97,11,104,2,49,3242
2021,1,19,2,"AA",2606,6,81,15,72,1,25,2600
2021,1,20,3,"AA",2632,0,106,5,124,5,31,2632
2021,1,21,4,"AA",3406,2,95,0,80,5,32,3404
2021,1,22,5,"AA",3557,10,134,32,226,4,82,3547
2021,1,23,6,"AA",2826,8,136,35,256,0,71,2818
2021,1,24,7,"AA",3533,30,194,142,500,3,234,3503
2021,1,25,1,"AA",3401,37,182,86,328,2,129,3364
2021,1,26,2,"AA",2602,19,95,75,233,0,54,2583
2021,1,27,3,"AA",2632,5,95,15,110,3,34,2627
2021,1,28,4,"AA",3406,253,419,15,103,1,73,3153
2021,1,29,5,"AA",3557,35,180,17,338,4,189,3522
2021,1,30,6,"AA",2824,134,160,245,465,1,216,2690
2021,1,31,7,"AA",3531,164,283,275,560,4,284,3367
2021,2,1,1,"AA",3399,285,147,326,216,4,107,3114
2021,2,2,2,"AA",2604,84,108,102,123,2,40,2520
2021,2,3,3,"AA",2634,7,72,8,128,3,23,2627
2021,2,4,4,"AA",3404,68,127,99,233,2,82,3336
2021,2,5,5,"AA",3557,23,126,41,153,4,75,3534
2021,2,6,6,"AA",2824,19,117,39,136,2,45,2805
2021,2,7,7,"AA",3528,29,182,75,308,3,133,3499
2021,2,8,1,"AA",3398,10,147,91,337,6,129,3388
2021,2,9,2,"AA",2601,14,132,46,229,3,78,2587
2021,2,10,3,"AA",2630,38,167,151,371,3,156,2592
2021,2,11,4,"AA",3424,87,280,340,579,6,398,3337
2021,2,12,5,"AA",3599,61,290,164,398,7,264,3538
2021,2,13,6,"AA",2833,81,286,292,495,3,241,2752
2021,2,14,7,"AA",3199,733,213,977,481,6,180,2466
2021,2,15,1,"AA",3420,1142,342,1340,419,5,224,2278
2021,2,16,2,"AA",2606,1001,163,1100,145,0,78,1605
2021,2,17,3,"AA",2641,954,102,1019,113,2,32,1687
2021,2,18,4,"AA",3448,1019,296,1181,510,1,210,2429
2021,2,19,5,"AA",3593,595,281,647,366,2,227,2998
2021,2,20,6,"AA",2851,81,188,102,141,3,71,2770
2021,2,21,7,"AA",3566,33,172,78,180,3,110,3533
2021,2,22,1,"AA",3437,15,159,33,193,0,119,3422
2021,2,23,2,"AA",2606,3,85,6,56,1,26,2603
2021,2,24,3,"AA",2641,0,109,0,76,4,32,2641
2021,2,25,4,"AA",3448,17,188,73,197,2,91,3431
2021,2,26,5,"AA",3593,5,185,15,189,5,95,3588
2021,2,27,6,"AA",2838,19,172,75,214,1,137,2819
2021,2,28,7,"AA",3561,145,353,298,572,6,501,3416
2021,3,1,1,"AA",3437,26,233,29,164,7,125,3411
2021,3,2,2,"AA",2602,0,80,0,39,5,17,2602
2021,3,3,3,"AA",2634,1,87,7,58,0,24,2633
2021,3,4,4,"AA",3951,7,186,8,125,4,87,3944
2021,3,5,5,"AA",4130,9,210,3,146,4,121,4121
2021,3,6,6,"AA",3772,2,173,17,81,2,86,3770
2021,3,7,7,"AA",4012,6,210,1,95,6,115,4006
2021,3,8,1,"AA",4104,2,164,4,84,2,64,4102
2021,3,9,2,"AA",3613,2,107,4,51,4,65,3611
2021,3,10,3,"AA",3688,2,144,9,116,1,64,3686
2021,3,11,4,"AA",4121,2,189,5,182,6,130,4119
2021,3,12,5,"AA",4127,1,223,28,180,4,143,4126
2021,3,13,6,"AA",3775,27,261,48,193,3,125,3748
2021,3,14,7,"AA",4012,83,239,101,156,8,128,3929
2021,3,15,1,"AA",4103,33,251,159,225,6,192,4070
2021,3,16,2,"AA",3613,4,197,17,145,2,103,3609
2021,3,17,3,"AA",3687,267,310,234,879,2,421,3420
2021,3,18,4,"AA",4121,130,450,273,653,5,483,3991
2021,3,19,5,"AA",4128,9,219,13,147,4,96,4119
2021,3,20,6,"AA",3773,1,156,7,96,3,65,3772
2021,3,21,7,"AA",4013,1,157,6,83,1,76,4012
2021,3,22,1,"AA",4103,157,182,223,195,4,129,3946
2021,3,23,2,"AA",3613,4,141,27,113,3,86,3609
2021,3,24,3,"AA",3687,17,163,45,246,6,88,3670
2021,3,25,4,"AA",4121,16,289,105,450,5,264,4105
2021,3,26,5,"AA",4125,4,281,21,222,7,177,4121
2021,3,27,6,"AA",3772,5,246,152,354,7,250,3767
2021,3,28,7,"AA",4021,7,270,83,379,8,223,4014
2021,3,29,1,"AA",4114,1,179,3,114,4,77,4113
2021,3,30,2,"AA",3625,2,116,2,68,6,42,3623
2021,3,31,3,"AA",3700,2,215,18,197,6,127,3698
2021,4,1,4,"AA",4115,2,239,2,177,13,130,4113
2021,4,2,5,"AA",4304,8,208,1,100,3,105,4296
2021,4,3,6,"AA",3906,2,142,4,85,2,62,3904
2021,4,4,7,"AA",4216,4,171,0,71,3,78,4212
2021,4,5,1,"AA",4480,0,192,3,96,6,91,4480
2021,4,6,2,"AA",3760,0,156,6,168,2,68,3760
2021,4,7,3,"AA",3884,0,266,21,345,8,138,3884
2021,4,8,4,"AA",4473,1,183,7,144,10,104,4472
2021,4,9,5,"AA",4485,24,294,112,447,24,252,4461
2021,4,10,6,"AA",4028,36,244,48,232,30,178,3992
2021,4,11,7,"AA",4357,226,308,296,245,18,233,4131
2021,4,12,1,"AA",4467,73,287,79,189,14,173,4394
2021,4,13,2,"AA",3760,7,184,9,118,5,82,3753
2021,4,14,3,"AA",3883,0,173,8,176,5,107,3883
2021,4,15,4,"AA",4473,1,259,48,297,16,183,4472
2021,4,16,5,"AA",4485,33,407,273,562,6,605,4452
2021,4,17,6,"AA",4028,3,184,9,115,3,97,4025
2021,4,18,7,"AA",4357,3,182,3,165,8,86,4354
2021,4,19,1,"AA",4467,0,226,18,216,6,139,4467
2021,4,20,2,"AA",3760,0,146,14,111,5,69,3760
2021,4,21,3,"AA",3883,7,166,13,173,0,68,3876
2021,4,22,4,"AA",4473,3,260,3,188,5,130,4470
2021,4,23,5,"AA",4485,170,225,366,452,7,291,4315
2021,4,24,6,"AA",4028,11,284,43,297,5,187,4017
2021,4,25,7,"AA",4357,3,237,6,131,4,121,4354
2021,4,26,1,"AA",4465,0,208,10,131,2,124,4465
2021,4,27,2,"AA",3758,1,133,15,125,5,75,3757
2021,4,28,3,"AA",3881,3,273,76,429,4,345,3878
2021,4,29,4,"AA",4473,3,351,31,392,6,298,4470
2021,4,30,5,"AA",4485,21,359,52,352,10,277,4464
2021,5,1,6,"AA",4028,14,225,17,150,5,149,4014
2021,5,2,7,"AA",4355,10,259,19,127,5,166,4345
2021,5,3,1,"AA",4465,68,239,245,509,3,330,4397
2021,5,4,2,"AA",3751,93,260,340,432,8,400,3658
2021,5,5,3,"AA",3850,12,178,21,129,2,109,3838
2021,5,6,4,"AA",4736,4,228,77,237,3,171,4732
2021,5,7,5,"AA",4851,6,268,9,177,7,155,4845
2021,5,8,6,"AA",4566,6,299,7,138,3,192,4560
2021,5,9,7,"AA",4737,6,287,46,359,6,256,4731
2021,5,10,1,"AA",4836,225,336,316,611,6,343,4611
2021,5,11,2,"AA",4470,490,308,746,444,4,399,3980
2021,5,12,3,"AA",4636,56,418,74,298,9,230,4580
2021,5,13,4,"AA",4851,3,245,3,163,5,133,4848
2021,5,14,5,"AA",4855,1,235,6,151,4,120,4854
2021,5,15,6,"AA",4570,3,238,10,107,3,153,4567
2021,5,16,7,"AA",4741,159,412,358,580,7,501,4582
2021,5,17,1,"AA",4840,21,418,92,354,8,329,4819
2021,5,18,2,"AA",4473,62,364,333,645,4,512,4411
2021,5,19,3,"AA",4638,11,246,35,138,5,110,4627
2021,5,20,4,"AA",4864,3,316,3,167,7,178,4861
2021,5,21,5,"AA",4875,5,619,10,197,10,320,4870
2021,5,22,6,"AA",4590,0,318,9,236,5,209,4590
2021,5,23,7,"AA",4761,0,239,7,96,7,167,4761
2021,5,24,1,"AA",4862,58,285,232,515,5,465,4804
2021,5,25,2,"AA",4501,55,444,179,545,11,559,4446
2021,5,26,3,"AA",4667,25,266,76,220,5,167,4642
2021,5,27,4,"AA",4871,6,350,36,254,0,223,4865
2021,5,28,5,"AA",4875,12,477,72,483,11,408,4863
2021,5,29,6,"AA",4277,2,317,5,193,5,198,4275
2021,5,30,7,"AA",4291,0,244,14,149,7,145,4291
2021,5,31,1,"AA",4725,183,288,370,592,4,470,4542
2021,6,1,2,"AA",4499,37,367,39,178,3,179,4462
2021,6,2,3,"AA",4633,3,328,12,238,9,210,4630
2021,6,3,4,"AA",5052,11,504,122,585,14,543,5041
2021,6,4,5,"AA",5419,25,616,84,418,10,557,5394
2021,6,5,6,"AA",5067,75,583,201,466,9,546,4992
2021,6,6,7,"AA",5368,112,822,206,535,10,758,5256
2021,6,7,1,"AA",5416,520,736,983,883,9,1061,4896
2021,6,8,2,"AA",5251,238,1012,274,705,18,868,5013
2021,6,9,3,"AA",5338,153,661,74,489,12,501,5185
2021,6,10,4,"AA",5417,104,697,77,536,5,628,5313
2021,6,11,5,"AA",5417,72,765,93,519,6,690,5345
2021,6,12,6,"AA",5061,178,934,459,832,19,1088,4883
2021,6,13,7,"AA",5367,132,925,77,398,13,620,5235
2021,6,14,1,"AA",5416,98,838,103,518,8,711,5318
2021,6,15,2,"AA",5251,55,598,92,346,10,504,5196
2021,6,16,3,"AA",5334,45,532,26,265,9,384,5289
2021,6,17,4,"AA",5417,93,585,47,260,13,417,5324
2021,6,18,5,"AA",5416,113,678,115,373,6,657,5303
2021,6,19,6,"AA",5061,136,807,53,387,7,548,4925
2021,6,20,7,"AA",5365,187,841,126,585,12,711,5178
2021,6,21,1,"AA",5414,360,804,508,1013,17,974,5054
2021,6,22,2,"AA",5249,153,732,81,440,11,547,5096
2021,6,23,3,"AA",5336,88,494,55,237,5,344,5248
2021,6,24,4,"AA",5417,152,687,172,530,7,629,5265
2021,6,25,5,"AA",5374,47,727,58,487,5,555,5327
2021,6,26,6,"AA",5020,160,838,200,648,12,834,4860
2021,6,27,7,"AA",5325,95,874,163,561,6,804,5230
2021,6,28,1,"AA",5365,94,782,356,943,15,1069,5271
2021,6,29,2,"AA",5194,64,817,166,629,18,814,5130
2021,6,30,3,"AA",5278,107,844,419,776,16,1022,5171
2021,7,1,4,"AA",5375,248,917,434,1028,19,998,5127
2021,7,2,5,"AA",5384,365,1088,604,1052,8,1286,5019
2021,7,3,6,"AA",4724,102,869,79,477,6,731,4622
2021,7,4,7,"AA",3916,21,254,10,77,3,162,3895
2021,7,5,1,"AA",5253,29,478,65,316,10,431,5224
2021,7,6,2,"AA",5221,122,463,246,359,6,501,5099
2021,7,7,3,"AA",5287,74,718,139,579,11,742,5213
2021,7,8,4,"AA",5350,72,760,181,712,11,825,5278
2021,7,9,5,"AA",5351,66,698,308,582,7,804,5285
2021,7,10,6,"AA",4996,37,620,59,327,20,527,4959
2021,7,11,7,"AA",5308,38,832,89,591,15,777,5270
2021,7,12,1,"AA",5357,74,800,371,754,12,1015,5283
2021,7,13,2,"AA",5203,30,680,86,452,8,651,5173
2021,7,14,3,"AA",5290,46,675,228,676,6,784,5244
2021,7,15,4,"AA",5437,23,688,39,391,9,619,5414
2021,7,16,5,"AA",5449,16,648,46,425,6,664,5433
2021,7,17,6,"AA",5087,146,728,202,466,11,636,4941
2021,7,18,7,"AA",5404,98,933,115,545,16,801,5306
2021,7,19,1,"AA",5450,189,884,306,1064,4,1192,5261
2021,7,20,2,"AA",5295,70,760,69,401,14,617,5225
2021,7,21,3,"AA",5378,52,622,115,487,8,660,5326
2021,7,22,4,"AA",5446,15,552,45,314,8,507,5431
2021,7,23,5,"AA",5444,16,730,109,436,13,745,5428
2021,7,24,6,"AA",5078,97,784,142,432,14,672,4981
2021,7,25,7,"AA",5396,57,922,32,440,6,773,5339
2021,7,26,1,"AA",5444,249,681,467,489,3,740,5195
2021,7,27,2,"AA",5285,132,749,302,571,10,768,5153
2021,7,28,3,"AA",5368,38,649,66,457,12,540,5330
2021,7,29,4,"AA",5452,58,787,114,647,7,726,5394
2021,7,30,5,"AA",5452,18,666,21,287,7,560,5434
2021,7,31,6,"AA",5074,157,770,22,279,9,455,4917
2021,8,1,7,"AA",5388,510,844,501,702,8,692,4878
2021,8,2,1,"AA",5433,604,1100,637,566,17,883,4829
2021,8,3,2,"AA",5291,371,1146,130,415,9,671,4920
2021,8,4,3,"AA",5357,128,744,28,338,8,500,5229
2021,8,5,4,"AA",5467,85,595,13,259,9,412,5382
2021,8,6,5,"AA",5462,72,644,27,376,5,569,5390
2021,8,7,6,"AA",5075,35,710,54,402,12,592,5040
2021,8,8,7,"AA",5399,89,706,128,393,7,640,5310
2021,8,9,1,"AA",5446,371,544,334,695,8,620,5075
2021,8,10,2,"AA",5302,316,573,326,725,8,554,4986
2021,8,11,3,"AA",5390,360,615,458,921,5,729,5030
2021,8,12,4,"AA",5453,88,751,133,635,9,714,5365
2021,8,13,5,"AA",5453,125,763,292,774,6,836,5328
2021,8,14,6,"AA",5090,642,618,987,1036,10,930,4448
2021,8,15,7,"AA",5409,382,1323,217,614,15,897,5027
2021,8,16,1,"AA",5428,113,804,185,617,8,855,5315
2021,8,17,2,"AA",4567,506,337,494,494,4,273,4061
2021,8,18,3,"AA",5171,420,800,455,870,12,794,4751
2021,8,19,4,"AA",5479,123,898,183,725,10,853,5356
2021,8,20,5,"AA",5478,28,599,45,374,7,511,5450
2021,8,21,6,"AA",4688,43,435,97,353,4,409,4645
2021,8,22,7,"AA",5310,99,461,105,246,8,331,5211
2021,8,23,1,"AA",4986,27,334,39,201,5,270,4959
2021,8,24,2,"AA",4720,198,260,168,247,3,191,4522
2021,8,25,3,"AA",5179,202,402,337,497,6,426,4977
2021,8,26,4,"AA",5484,84,593,90,506,4,590,5400
2021,8,27,5,"AA",5489,82,491,121,519,4,449,5407
2021,8,28,6,"AA",4706,32,363,47,258,4,264,4674
2021,8,29,7,"AA",5312,176,518,218,546,10,491,5136
2021,8,30,1,"AA",4979,148,447,172,413,8,341,4831
2021,8,31,2,"AA",4719,70,309,74,225,5,221,4649
2021,9,1,3,"AA",5180,281,451,447,560,6,562,4899
2021,9,2,4,"AA",5484,140,508,120,282,3,385,5344
2021,9,3,5,"AA",5493,61,416,84,226,8,293,5432
2021,9,4,6,"AA",4396,44,278,53,163,4,198,4352
2021,9,5,7,"AA",3874,34,165,45,94,0,91,3840
2021,9,6,1,"AA",4589,33,241,62,147,6,194,4556
2021,9,7,2,"AA",4698,156,279,179,368,1,238,4542
2021,9,8,3,"AA",4694,39,420,165,474,3,479,4655
2021,9,9,4,"AA",5426,17,334,38,390,8,309,5409
2021,9,10,5,"AA",5448,18,343,30,195,6,248,5430
2021,9,11,6,"AA",4383,3,177,3,70,4,104,4380
2021,9,12,7,"AA",5291,0,351,2,216,10,266,5291
2021,9,13,1,"AA",5046,6,222,13,152,3,171,5040
2021,9,14,2,"AA",4525,21,229,29,159,2,153,4504
2021,9,15,3,"AA",4811,12,226,28,229,7,169,4799
2021,9,16,4,"AA",5433,39,300,90,324,6,326,5394
2021,9,17,5,"AA",5432,9,409,122,383,5,394,5423
2021,9,18,6,"AA",4383,6,311,11,192,10,275,4377
2021,9,19,7,"AA",5283,10,448,32,270,10,398,5273
2021,9,20,1,"AA",5052,12,396,28,336,9,384,5040
2021,9,21,2,"AA",4527,9,266,16,222,3,174,4518
2021,9,22,3,"AA",4803,4,302,92,406,0,308,4799
2021,9,23,4,"AA",5432,205,484,257,656,6,582,5227
2021,9,24,5,"AA",5443,40,491,43,296,7,389,5403
2021,9,25,6,"AA",4383,12,242,17,147,4,155,4371
2021,9,26,7,"AA",5295,15,416,2,186,4,286,5280
2021,9,27,1,"AA",5052,9,339,2,152,5,260,5043
2021,9,28,2,"AA",4515,7,315,39,407,6,270,4508
2021,9,29,3,"AA",4793,12,257,11,144,2,172,4781
2021,9,30,4,"AA",5428,281,449,299,514,6,355,5147
2021,10,1,5,"AA",5430,41,544,62,381,12,461,5389
2021,10,2,6,"AA",4381,10,382,57,282,7,302,4371
2021,10,3,7,"AA",5282,33,544,77,466,7,511,5249
2021,10,4,1,"AA",5021,13,297,21,217,6,245,5008
2021,10,5,2,"AA",4501,4,272,37,306,4,214,4497
2021,10,6,3,"AA",4784,0,258,9,222,1,175,4784
2021,10,7,4,"AA",5407,8,504,35,355,10,465,5399
2021,10,8,5,"AA",5490,147,712,149,725,17,719,5343
2021,10,9,6,"AA",4750,68,626,35,314,9,369,4682
2021,10,10,7,"AA",5265,260,542,152,376,5,322,5005
2021,10,11,1,"AA",5316,217,629,254,498,9,572,5099
2021,10,12,2,"AA",4914,24,448,20,236,10,314,4890
2021,10,13,3,"AA",5366,431,480,467,716,5,502,4935
2021,10,14,4,"AA",5491,132,653,66,261,3,501,5359
2021,10,15,5,"AA",5490,55,614,17,290,9,480,5435
2021,10,16,6,"AA",4751,72,590,17,242,5,294,4679
2021,10,17,7,"AA",5270,38,514,3,184,4,327,5232
2021,10,18,1,"AA",5316,29,463,5,217,4,380,5287
2021,10,19,2,"AA",4912,4,243,6,97,7,193,4908
2021,10,20,3,"AA",5368,6,272,20,180,8,234,5362
2021,10,21,4,"AA",5491,176,593,14,222,9,308,5315
2021,10,22,5,"AA",5504,155,668,9,253,9,443,5349
2021,10,23,6,"AA",4759,49,401,12,186,4,297,4710
2021,10,24,7,"AA",5272,36,679,156,624,8,630,5236
2021,10,25,1,"AA",5317,237,698,199,729,11,629,5080
2021,10,26,2,"AA",4916,32,311,18,173,3,284,4884
2021,10,27,3,"AA",5372,24,376,54,337,5,372,5348
2021,10,28,4,"AA",5498,418,700,271,1339,7,905,5080
2021,10,29,5,"AA",5478,317,1057,67,621,12,689,5161
2021,10,30,6,"AA",4482,481,943,3,135,1,244,4001
2021,10,31,7,"AA",4740,962,1415,3,105,4,240,3778
2021,11,1,1,"AA",5213,467,1224,6,214,5,521,4746
2021,11,2,2,"AA",4711,100,473,10,163,2,241,4611
2021,11,3,3,"AA",5401,35,474,39,307,8,441,5366
2021,11,4,4,"AA",5595,25,531,12,354,5,412,5570
2021,11,5,5,"AA",5606,41,678,21,424,6,524,5565
2021,11,6,6,"AA",4778,65,431,3,187,6,263,4713
2021,11,7,7,"AA",5340,81,602,2,250,5,393,5259
2021,11,8,1,"AA",5424,73,587,7,316,9,461,5351
2021,11,9,2,"AA",4888,25,297,4,164,9,208,4863
2021,11,10,3,"AA",5413,129,469,149,384,7,395,5284
2021,11,11,4,"AA",5607,87,676,69,420,7,594,5520
2021,11,12,5,"AA",5606,83,681,44,444,6,572,5523
2021,11,13,6,"AA",4777,57,497,34,351,6,367,4720
2021,11,14,7,"AA",5331,37,653,28,480,13,531,5294
2021,11,15,1,"AA",5424,33,492,32,297,11,383,5391
2021,11,16,2,"AA",4892,27,257,8,120,2,181,4865
2021,11,17,3,"AA",5392,16,326,3,195,4,235,5376
2021,11,18,4,"AA",5557,7,440,46,299,6,374,5550
2021,11,19,5,"AA",5658,25,583,5,373,7,488,5633
2021,11,20,6,"AA",4644,31,503,10,280,18,353,4613
2021,11,21,7,"AA",5194,29,485,14,269,11,340,5165
2021,11,22,1,"AA",5134,25,535,26,343,13,422,5109
2021,11,23,2,"AA",5538,15,486,2,360,7,381,5523
2021,11,24,3,"AA",5716,21,430,5,260,6,325,5695
2021,11,25,4,"AA",2498,26,199,4,84,4,76,2472
2021,11,26,5,"AA",3981,13,266,2,149,3,148,3968
2021,11,27,6,"AA",5551,10,438,23,310,7,404,5541
2021,11,28,7,"AA",5904,31,507,14,378,12,423,5873
2021,11,29,1,"AA",5732,17,483,16,310,7,382,5715
2021,11,30,2,"AA",5321,16,412,13,277,14,352,5305
2021,12,1,3,"AA",5294,25,378,15,244,8,258,5269
2021,12,2,4,"AA",5602,43,452,29,321,4,370,5559
2021,12,3,5,"AA",5604,33,470,29,290,11,404,5571
2021,12,4,6,"AA",4713,17,317,15,137,8,220,4696
2021,12,5,7,"AA",5332,21,432,43,320,10,379,5311
2021,12,6,1,"AA",5249,34,591,56,650,8,623,5215
2021,12,7,2,"AA",4780,25,269,39,172,2,187,4755
2021,12,8,3,"AA",5253,18,384,39,357,4,297,5235
2021,12,9,4,"AA",5562,43,462,24,283,3,325,5519
2021,12,10,5,"AA",5563,92,601,123,476,9,524,5471
2021,12,11,6,"AA",4677,75,651,140,613,6,653,4602
2021,12,12,7,"AA",5294,39,496,16,238,4,353,5255
2021,12,13,1,"AA",5242,32,336,5,186,6,229,5210
2021,12,14,2,"AA",4780,40,330,32,256,6,268,4740
2021,12,15,3,"AA",5090,126,424,125,291,4,309,4964
2021,12,16,4,"AA",5093,50,465,57,279,7,315,5043
2021,12,17,5,"AA",5208,60,535,69,346,6,402,5148
2021,12,18,6,"AA",4818,78,909,258,774,10,947,4740
2021,12,19,7,"AA",5138,62,846,27,586,10,753,5076
2021,12,20,1,"AA",5208,26,569,7,311,11,401,5182
2021,12,21,2,"AA",5186,22,533,18,382,14,418,5164
2021,12,22,3,"AA",5171,2,435,17,300,9,332,5169
2021,12,23,4,"AA",5192,4,477,26,347,10,349,5188
2021,12,24,5,"AA",3927,40,321,45,234,6,211,3887
2021,12,25,6,"AA",4054,69,397,24,187,4,199,3985
2021,12,26,7,"AA",4947,97,581,72,410,9,459,4850
2021,12,27,1,"AA",4948,167,752,91,436,8,544,4781
2021,12,28,2,"AA",4914,113,711,191,534,4,585,4801
2021,12,29,3,"AA",4928,75,680,132,551,5,556,4853
2021,12,30,4,"AA",4949,106,721,122,469,11,540,4843
2021,12,31,5,"AA",3908,129,488,96,356,6,301,3779
2022,1,1,6,"AA",4158,418,686,462,621,2,499,3740
2022,1,2,7,"AA",5108,427,1293,381,874,15,1075,4681
2022,1,3,1,"AA",5154,813,1055,734,594,8,781,4341
2022,1,4,2,"AA",4423,265,628,232,436,12,495,4158
2022,1,5,3,"AA",4812,264,534,239,427,10,434,4548
2022,1,6,4,"AA",5282,289,487,242,370,4,370,4993
2022,1,7,5,"AA",5279,429,561,385,429,11,390,4850
2022,1,8,6,"AA",4265,161,584,104,371,25,372,4104
2022,1,9,7,"AA",5082,205,696,87,407,4,438,4877
2022,1,10,1,"AA",4733,101,431,28,246,6,301,4632
2022,1,11,2,"AA",4474,51,298,16,225,7,224,4423
2022,1,12,3,"AA",4792,38,252,4,120,0,146,4754
2022,1,13,4,"AA",5238,43,299,10,211,1,204,5195
2022,1,14,5,"AA",5243,50,336,74,328,4,292,5193
2022,1,15,6,"AA",4216,144,411,158,275,4,287,4072
2022,1,16,7,"AA",4959,1585,420,1676,466,3,317,3374
2022,1,17,1,"AA",4820,723,621,770,423,6,444,4097
2022,1,18,2,"AA",4525,68,290,38,150,6,212,4457
2022,1,19,3,"AA",4788,95,270,42,186,7,207,4693
2022,1,20,4,"AA",5238,143,478,105,543,8,436,5095
2022,1,21,5,"AA",5229,311,367,348,419,5,324,4918
2022,1,22,6,"AA",4206,249,295,359,232,4,286,3957
2022,1,23,7,"AA",5054,64,474,132,491,2,507,4990
2022,1,24,1,"AA",4713,65,333,130,397,1,366,4648
2022,1,25,2,"AA",4467,30,203,9,127,5,139,4437
2022,1,26,3,"AA",4784,48,239,19,154,2,177,4736
2022,1,27,4,"AA",5239,39,336,27,227,6,234,5200
2022,1,28,5,"AA",5232,332,514,533,949,5,747,4900
2022,1,29,6,"AA",4221,822,290,838,193,2,201,3399
2022,1,30,7,"AA",5042,337,498,295,270,5,322,4705
2022,1,31,1,"AA",4677,23,271,14,157,5,198,4654
2022,2,1,2,"AA",4399,44,173,42,88,3,108,4355
2022,2,2,3,"AA",4703,793,306,878,492,2,275,3910
2022,2,3,4,"AA",5169,2115,543,2232,531,3,416,3054
2022,2,4,5,"AA",5191,1746,1196,1562,756,5,668,3445
2022,2,5,6,"AA",4422,1092,1441,459,339,7,461,3330
2022,2,6,7,"AA",5028,605,1303,19,318,5,414,4423
2022,2,7,1,"AA",5101,150,733,49,638,7,572,4951
2022,2,8,2,"AA",4644,17,240,10,160,6,167,4627
2022,2,9,3,"AA",4890,11,245,5,177,4,150,4879
2022,2,10,4,"AA",5201,29,380,15,347,4,295,5172
2022,2,11,5,"AA",5202,18,369,18,270,8,291,5184
2022,2,12,6,"AA",4392,7,319,11,211,6,230,4385
2022,2,13,7,"AA",5023,50,762,187,1081,15,933,4973
2022,2,14,1,"AA",5098,31,531,22,385,7,463,5067
2022,2,15,2,"AA",4652,5,293,2,202,8,238,4647
2022,2,16,3,"AA",4906,33,291,24,211,8,181,4873
2022,2,17,4,"AA",5223,341,582,423,816,6,622,4882
2022,2,18,5,"AA",5215,146,951,167,914,4,1003,5069
2022,2,19,6,"AA",4324,44,533,53,418,9,402,4280
2022,2,20,7,"AA",4956,15,451,19,282,6,338,4941
2022,2,21,1,"AA",5222,35,447,45,365,8,384,5187
2022,2,22,2,"AA",4726,49,599,137,919,13,790,4677
2022,2,23,3,"AA",4922,952,461,1201,673,15,392,3970
2022,2,24,4,"AA",5228,1123,777,1383,974,10,821,4105
2022,2,25,5,"AA",5216,411,1115,471,859,9,951,4805
2022,2,26,6,"AA",4398,49,593,19,291,15,382,4349
2022,2,27,7,"AA",5037,15,512,8,324,5,369,5022
2022,2,28,1,"AA",5130,7,394,5,240,11,289,5123
2022,3,1,2,"AA",4678,7,298,1,196,6,195,4671
2022,3,2,3,"AA",4914,4,218,2,126,7,152,4910
2022,3,3,4,"AA",5041,25,297,4,224,9,197,5016
2022,3,4,5,"AA",5168,13,363,11,246,12,230,5155
2022,3,5,6,"AA",4742,8,318,51,239,4,199,4734
2022,3,6,7,"AA",5101,63,560,187,526,6,530,5038
2022,3,7,1,"AA",4984,60,611,155,764,11,719,4924
2022,3,8,2,"AA",4461,13,315,26,265,6,218,4448
2022,3,9,3,"AA",4519,51,518,85,632,8,507,4468
2022,3,10,4,"AA",5114,19,602,73,689,6,578,5095
2022,3,11,5,"AA",5187,110,730,201,829,6,770,5077
2022,3,12,6,"AA",4768,453,913,540,922,12,862,4315
2022,3,13,7,"AA",5122,62,710,50,389,13,540,5060
2022,3,14,1,"AA",5003,97,355,238,391,11,343,4906
2022,3,15,2,"AA",4465,27,323,41,219,14,236,4438
2022,3,16,3,"AA",4527,8,297,19,205,9,198,4519
2022,3,17,4,"AA",5130,195,484,229,579,10,494,4935
2022,3,18,5,"AA",5186,230,776,305,702,7,845,4956
2022,3,19,6,"AA",4764,27,551,26,394,8,436,4737
2022,3,20,7,"AA",5124,19,450,8,245,8,308,5105
2022,3,21,1,"AA",4992,397,384,514,459,8,358,4595
2022,3,22,2,"AA",4462,42,488,106,470,2,377,4420
2022,3,23,3,"AA",4525,15,421,24,393,3,296,4510
2022,3,24,4,"AA",5121,22,515,47,738,7,601,5099
2022,3,25,5,"AA",5190,36,395,31,268,5,297,5154
2022,3,26,6,"AA",4761,5,353,35,256,9,312,4756
2022,3,27,7,"AA",5098,2,396,7,281,7,277,5096
2022,3,28,1,"AA",4981,3,393,12,378,7,351,4978
2022,3,29,2,"AA",4450,3,274,7,186,4,188,4447
2022,3,30,3,"AA",4509,9,442,59,527,7,390,4500
2022,3,31,4,"AA",5113,186,634,205,887,12,632,4927
2022,4,1,5,"AA",5147,200,741,129,664,6,656,4947
2022,4,2,6,"AA",4706,437,493,207,544,6,303,4269
2022,4,3,7,"AA",5062,237,655,115,315,3,358,4825
2022,4,4,1,"AA",4910,107,485,113,333,1,339,4803
2022,4,5,2,"AA",4700,66,583,139,591,7,604,4634
2022,4,6,3,"AA",4902,34,509,45,492,7,509,4868
2022,4,7,4,"AA",5009,171,660,268,991,8,756,4838
2022,4,8,5,"AA",5014,45,649,59,521,5,518,4969
2022,4,9,6,"AA",4615,10,408,4,235,11,350,4605
2022,4,10,7,"AA",4940,22,529,11,368,3,413,4918
2022,4,11,1,"AA",5009,17,575,31,439,2,529,4992
2022,4,12,2,"AA",4828,37,369,262,480,3,432,4791
2022,4,13,3,"AA",4895,149,780,181,1051,8,884,4746
2022,4,14,4,"AA",4997,90,627,132,671,7,610,4907
2022,4,15,5,"AA",5008,108,571,105,566,11,483,4900
2022,4,16,6,"AA",4515,37,417,52,387,7,307,4478
2022,4,17,7,"AA",4928,7,425,25,297,9,386,4921
2022,4,18,1,"AA",5009,22,745,70,671,10,723,4987
2022,4,19,2,"AA",4829,17,460,34,451,6,462,4812
2022,4,20,3,"AA",4898,5,368,10,266,9,319,4893
2022,4,21,4,"AA",5002,8,356,8,243,0,276,4994
2022,4,22,5,"AA",5009,23,525,93,353,6,504,4986
2022,4,23,6,"AA",4606,20,384,20,214,2,277,4586
2022,4,24,7,"AA",4933,164,436,346,510,2,469,4769
2022,4,25,1,"AA",5010,89,603,161,408,8,628,4921
2022,4,26,2,"AA",4832,22,401,32,241,2,341,4810
2022,4,27,3,"AA",4898,15,329,19,269,5,293,4883
2022,4,28,4,"AA",5006,17,458,11,346,2,362,4989
2022,4,29,5,"AA",5005,7,408,23,288,5,366,4998
2022,4,30,6,"AA",4611,130,420,139,386,3,314,4481
2022,5,1,7,"AA",4919,79,523,49,313,3,403,4840
2022,5,2,1,"AA",4989,52,547,67,491,3,537,4937
2022,5,3,2,"AA",4814,14,413,41,349,4,421,4800
2022,5,4,3,"AA",4841,23,404,379,537,2,545,4818
2022,5,5,4,"AA",5048,102,710,416,867,6,903,4946
2022,5,6,5,"AA",5102,136,707,280,804,5,721,4966
2022,5,7,6,"AA",4487,30,514,37,390,5,428,4457
2022,5,8,7,"AA",5035,33,587,17,405,11,489,5002
2022,5,9,1,"AA",5095,12,428,7,323,1,358,5083
2022,5,10,2,"AA",4717,15,396,6,272,6,282,4702
2022,5,11,3,"AA",4797,12,343,1,299,2,311,4785
2022,5,12,4,"AA",5105,8,487,32,442,7,411,5097
2022,5,13,5,"AA",5101,60,712,108,806,2,731,5041
2022,5,14,6,"AA",4479,33,535,21,325,6,397,4446
2022,5,15,7,"AA",5038,82,715,130,640,6,647,4956
2022,5,16,1,"AA",5093,363,707,314,689,2,603,4730
2022,5,17,2,"AA",4720,70,451,33,302,3,381,4650
2022,5,18,3,"AA",4799,10,399,19,237,7,282,4789
2022,5,19,4,"AA",5100,10,512,31,387,5,476,5090
2022,5,20,5,"AA",5098,216,589,264,713,10,585,4882
2022,5,21,6,"AA",4483,116,754,451,813,6,864,4367
2022,5,22,7,"AA",5039,292,640,362,506,8,474,4747
2022,5,23,1,"AA",5099,237,688,433,528,4,672,4862
2022,5,24,2,"AA",4719,324,589,398,557,2,465,4395
2022,5,25,3,"AA",4799,49,667,110,560,5,484,4750
2022,5,26,4,"AA",5102,73,608,197,599,5,529,5029
2022,5,27,5,"AA",5099,314,821,283,950,5,798,4785
2022,5,28,6,"AA",4369,73,493,127,435,4,402,4296
2022,5,29,7,"AA",4852,89,448,135,278,2,334,4763
2022,5,30,1,"AA",5096,116,428,120,223,5,317,4980
2022,5,31,2,"AA",4722,9,349,20,201,2,206,4713
2022,6,1,3,"AA",4811,354,395,593,542,5,369,4457
2022,6,2,4,"AA",5078,636,736,814,738,8,658,4442
2022,6,3,5,"AA",5108,276,941,570,868,6,908,4832
2022,6,4,6,"AA",4774,208,718,177,342,2,471,4566
2022,6,5,7,"AA",5135,57,726,29,374,4,494,5078
2022,6,6,1,"AA",5186,43,686,101,657,7,543,5143
2022,6,7,2,"AA",5078,39,678,36,550,6,558,5039
2022,6,8,3,"AA",5154,176,929,214,1123,9,898,4978
2022,6,9,4,"AA",5180,227,716,247,611,2,628,4953
2022,6,10,5,"AA",5189,146,962,139,638,10,769,5043
2022,6,11,6,"AA",4774,124,835,80,395,14,575,4650
2022,6,12,7,"AA",5133,177,1198,112,1010,3,1119,4956
2022,6,13,1,"AA",5186,132,831,109,506,9,634,5054
2022,6,14,2,"AA",5082,209,921,363,842,6,1027,4873
2022,6,15,3,"AA",5158,135,760,40,416,7,497,5023
2022,6,16,4,"AA",5184,628,989,629,1176,8,1008,4556
2022,6,17,5,"AA",5189,534,1228,574,689,13,869,4655
2022,6,18,6,"AA",4774,253,1021,123,495,12,620,4521
2022,6,19,7,"AA",5133,131,875,118,453,7,586,5002
2022,6,20,1,"AA",5186,67,640,47,302,3,436,5119
2022,6,21,2,"AA",5082,56,643,10,304,11,448,5026
2022,6,22,3,"AA",5156,515,665,265,785,7,449,4641
2022,6,23,4,"AA",5186,352,1038,224,608,5,742,4834
2022,6,24,5,"AA",5189,163,946,96,516,7,680,5026
2022,6,25,6,"AA",4788,89,810,71,415,9,629,4699
2022,6,26,7,"AA",5133,158,1054,95,767,5,751,4975
2022,6,27,1,"AA",5186,223,866,351,766,5,870,4963
2022,6,28,2,"AA",5060,255,880,106,315,4,468,4805
2022,6,29,3,"AA",5142,234,869,73,446,4,482,4908
2022,6,30,4,"AA",5171,157,734,24,367,7,432,5014
2022,7,1,5,"AA",5227,185,955,123,784,7,802,5042
2022,7,2,6,"AA",4741,186,762,168,490,5,642,4555
2022,7,3,7,"AA",4197,35,488,55,347,7,351,4162
2022,7,4,1,"AA",5155,62,464,42,255,7,363,5093
2022,7,5,2,"AA",4804,226,694,254,616,5,530,4578
2022,7,6,3,"AA",4870,211,827,215,560,3,611,4659
2022,7,7,4,"AA",5186,114,622,168,454,10,536,5072
2022,7,8,5,"AA",5171,62,691,108,591,7,702,5109
2022,7,9,6,"AA",4771,89,809,184,529,9,765,4682
2022,7,10,7,"AA",5100,66,767,49,426,8,618,5034
2022,7,11,1,"AA",5144,39,683,25,388,7,564,5105
2022,7,12,2,"AA",4774,174,529,206,453,9,430,4600
2022,7,13,3,"AA",4842,50,529,231,544,3,499,4792
2022,7,14,4,"AA",5161,63,783,120,616,9,713,5098
2022,7,15,5,"AA",5158,82,790,106,682,17,824,5076
2022,7,16,6,"AA",4771,200,645,477,678,2,716,4571
2022,7,17,7,"AA",5102,154,924,190,692,9,762,4948
2022,7,18,1,"AA",5154,206,808,288,726,7,786,4948
2022,7,19,2,"AA",4782,33,479,70,353,6,422,4749
2022,7,20,3,"AA",4843,30,506,138,497,3,516,4813
2022,7,21,4,"AA",5159,105,905,169,910,6,945,5054
2022,7,22,5,"AA",5160,50,762,63,518,14,657,5110
2022,7,23,6,"AA",4771,124,736,177,655,6,707,4647
2022,7,24,7,"AA",5099,69,885,138,710,8,830,5030
2022,7,25,1,"AA",5150,362,743,662,946,4,897,4788
2022,7,26,2,"AA",4771,171,778,249,602,12,704,4600
2022,7,27,3,"AA",4842,83,621,117,515,5,582,4759
2022,7,28,4,"AA",5155,143,785,106,710,6,642,5012
2022,7,29,5,"AA",5163,142,865,255,739,4,780,5021
2022,7,30,6,"AA",4763,135,765,434,698,6,789,4628
2022,7,31,7,"AA",5099,220,1025,210,504,12,766,4879
2022,8,1,1,"AA",5134,108,774,53,412,6,607,5026
2022,8,2,2,"AA",4775,22,504,17,253,4,358,4753
2022,8,3,3,"AA",4837,214,518,238,485,5,439,4623
2022,8,4,4,"AA",5031,400,675,500,802,6,617,4631
2022,8,5,5,"AA",5045,514,874,534,658,4,619,4531
2022,8,6,6,"AA",4667,182,793,398,572,4,757,4485
2022,8,7,7,"AA",4981,191,900,375,855,5,889,4790
2022,8,8,1,"AA",5036,162,781,203,734,5,717,4874
2022,8,9,2,"AA",4941,117,723,249,754,7,693,4824
2022,8,10,3,"AA",4998,670,548,910,770,13,597,4328
2022,8,11,4,"AA",5046,385,952,413,538,14,689,4661
2022,8,12,5,"AA",5048,113,779,170,624,8,698,4935
2022,8,13,6,"AA",4663,63,544,39,287,7,353,4600
2022,8,14,7,"AA",4981,40,579,48,292,9,447,4941
2022,8,15,1,"AA",4998,73,544,237,502,3,506,4925
2022,8,16,2,"AA",4818,12,425,39,264,1,316,4806
2022,8,17,3,"AA",4930,82,461,198,532,2,486,4848
2022,8,18,4,"AA",5001,104,676,114,431,15,498,4897
2022,8,19,5,"AA",5010,42,580,74,431,2,469,4968
2022,8,20,6,"AA",4681,44,537,79,421,4,459,4637
2022,8,21,7,"AA",4965,542,678,808,893,2,732,4423
2022,8,22,1,"AA",4974,499,719,1060,1024,5,1025,4475
2022,8,23,2,"AA",4845,117,637,123,394,5,473,4728
2022,8,24,3,"AA",4936,26,392,17,234,3,319,4910
2022,8,25,4,"AA",4997,19,429,15,248,7,321,4978
2022,8,26,5,"AA",5006,39,477,93,416,6,430,4967
2022,8,27,6,"AA",4678,18,358,50,246,2,245,4660
2022,8,28,7,"AA",4967,70,569,113,455,2,517,4897
2022,8,29,1,"AA",4975,212,586,289,856,2,626,4763
2022,8,30,2,"AA",4847,235,482,415,670,3,547,4612
2022,8,31,3,"AA",4932,57,496,270,466,7,503,4875
2022,9,1,4,"AA",5021,183,474,450,578,4,581,4838
2022,9,2,5,"AA",5024,52,772,147,558,3,796,4972
2022,9,3,6,"AA",3938,7,375,50,244,4,201,3931
2022,9,4,7,"AA",4238,50,339,260,403,4,366,4188
2022,9,5,1,"AA",5003,26,486,63,352,3,400,4977
2022,9,6,2,"AA",4861,15,400,26,378,5,360,4846
2022,9,7,3,"AA",4433,50,350,94,357,7,271,4383
2022,9,8,4,"AA",5011,14,393,71,351,4,377,4997
2022,9,9,5,"AA",5025,0,462,35,386,6,351,5025
2022,9,10,6,"AA",4221,3,326,17,224,7,220,4218
2022,9,11,7,"AA",4954,11,641,193,682,7,694,4943
2022,9,12,1,"AA",5009,66,593,123,624,9,576,4943
2022,9,13,2,"AA",4411,47,360,53,264,4,237,4364
2022,9,14,3,"AA",4455,12,311,80,281,4,283,4443
2022,9,15,4,"AA",5034,5,459,49,366,5,384,5029
2022,9,16,5,"AA",5034,5,421,46,255,3,330,5029
2022,9,17,6,"AA",4217,11,299,31,164,1,172,4206
2022,9,18,7,"AA",4955,31,395,39,213,7,285,4924
2022,9,19,1,"AA",5016,14,437,43,365,1,378,5002
2022,9,20,2,"AA",4414,6,308,39,206,5,190,4408
2022,9,21,3,"AA",4466,2,352,25,319,4,228,4464
2022,9,22,4,"AA",5033,24,647,73,721,5,725,5009
2022,9,23,5,"AA",5040,12,609,20,438,1,526,5028
2022,9,24,6,"AA",4228,3,376,20,154,4,229,4225
2022,9,25,7,"AA",4970,62,601,81,616,1,487,4908
2022,9,26,1,"AA",5027,23,492,24,402,7,472,5004
2022,9,27,2,"AA",4418,98,306,112,241,1,207,4320
2022,9,28,3,"AA",4477,470,239,480,159,8,117,4007
2022,9,29,4,"AA",5029,377,321,376,219,5,173,4652
2022,9,30,5,"AA",5044,536,453,560,356,3,309,4508
2022,10,1,6,"AA",4235,97,352,83,156,4,224,4138
2022,10,2,7,"AA",4966,44,401,55,363,7,324,4922
2022,10,3,1,"AA",5016,38,385,63,359,6,311,4978
2022,10,4,2,"AA",4415,40,346,42,536,3,353,4375
2022,10,5,3,"AA",4463,12,274,26,414,2,288,4451
2022,10,6,4,"AA",4927,18,358,20,188,4,228,4909
2022,10,7,5,"AA",4976,28,362,24,212,2,232,4948
2022,10,8,6,"AA",4455,14,328,16,135,4,202,4441
2022,10,9,7,"AA",4922,28,417,84,236,3,308,4894
2022,10,10,1,"AA",4858,11,330,11,187,3,216,4847
2022,10,11,2,"AA",4608,9,266,14,149,4,172,4599
2022,10,12,3,"AA",4654,1,386,37,326,3,282,4653
2022,10,13,4,"AA",4990,34,610,66,598,13,677,4956
2022,10,14,5,"AA",4979,6,551,32,376,4,460,4973
2022,10,15,6,"AA",4456,18,448,72,300,4,323,4438
2022,10,16,7,"AA",4927,21,581,69,445,6,488,4906
2022,10,17,1,"AA",4858,9,525,55,547,5,439,4849
2022,10,18,2,"AA",4614,0,477,6,384,7,373,4614
2022,10,19,3,"AA",4656,0,389,5,262,4,291,4656
2022,10,20,4,"AA",4992,4,355,1,283,6,258,4988
2022,10,21,5,"AA",4986,3,457,1,279,9,357,4983
2022,10,22,6,"AA",4453,0,363,8,200,2,224,4453
2022,10,23,7,"AA",4929,6,500,16,352,5,352,4923
2022,10,24,1,"AA",4862,117,531,504,830,5,734,4745
2022,10,25,2,"AA",4614,176,698,242,610,2,657,4438
2022,10,26,3,"AA",4656,19,412,36,429,3,466,4637
2022,10,27,4,"AA",4989,0,344,8,239,2,271,4989
2022,10,28,5,"AA",4976,160,546,605,954,2,854,4816
2022,10,29,6,"AA",3887,14,335,14,224,4,222,3873
2022,10,30,7,"AA",4915,1,335,9,244,4,278,4914
2022,10,31,1,"AA",4045,1,246,6,154,1,157,4044
2022,11,1,2,"AA",4600,3,381,8,255,6,319,4597
2022,11,2,3,"AA",4638,3,273,15,220,2,213,4635
2022,11,3,4,"AA",4623,6,301,19,210,0,217,4617
2022,11,4,5,"AA",4681,356,511,661,891,5,749,4325
2022,11,5,6,"AA",4281,308,620,255,656,14,511,3973
2022,11,6,7,"AA",4726,45,556,19,408,6,411,4681
2022,11,7,1,"AA",4687,5,478,16,398,1,434,4682
2022,11,8,2,"AA",4644,10,397,19,334,4,278,4634
2022,11,9,3,"AA",4678,152,333,155,271,5,242,4526
2022,11,10,4,"AA",4691,185,315,219,261,1,196,4506
2022,11,11,5,"AA",4690,156,846,197,815,4,824,4534
2022,11,12,6,"AA",4282,23,408,66,270,3,275,4259
2022,11,13,7,"AA",4725,9,565,15,398,6,482,4716
2022,11,14,1,"AA",4693,7,533,32,438,2,463,4686
2022,11,15,2,"AA",4645,7,548,118,727,4,533,4638
2022,11,16,3,"AA",4674,9,536,59,625,6,538,4665
2022,11,17,4,"AA",4698,22,568,63,540,4,463,4676
2022,11,18,5,"AA",4704,31,623,121,596,13,497,4673
2022,11,19,6,"AA",4307,49,586,99,466,15,461,4258
2022,11,20,7,"AA",4735,28,583,39,505,6,520,4707
2022,11,21,1,"AA",4704,2,407,9,272,7,291,4702
2022,11,22,2,"AA",4656,1,338,5,222,10,285,4655
2022,11,23,3,"AA",4693,1,349,87,392,6,378,4692
2022,11,24,4,"AA",2369,3,153,115,276,2,107,2366
2022,11,25,5,"AA",4136,9,270,14,202,5,161,4127
2022,11,26,6,"AA",4503,6,406,213,376,7,529,4497
2022,11,27,7,"AA",4872,59,741,85,844,9,814,4813
2022,11,28,1,"AA",4727,4,481,6,442,3,436,4723
2022,11,29,2,"AA",4646,18,400,48,401,6,326,4628
2022,11,30,3,"AA",4593,83,481,77,623,7,523,4510
2022,12,1,4,"AA",4622,11,414,4,317,3,324,4611
2022,12,2,5,"AA",4623,12,382,17,317,6,317,4611
2022,12,3,6,"AA",4213,25,425,22,298,8,315,4188
2022,12,4,7,"AA",4567,13,486,18,349,1,391,4554
2022,12,5,1,"AA",4622,12,431,30,332,4,413,4610
2022,12,6,2,"AA",4559,49,293,55,315,0,234,4510
2022,12,7,3,"AA",4569,27,408,57,503,4,407,4542
2022,12,8,4,"AA",4629,20,374,51,326,2,367,4609
2022,12,9,5,"AA",4628,14,461,107,461,7,480,4614
2022,12,10,6,"AA",4238,42,406,290,582,2,512,4196
2022,12,11,7,"AA",4568,22,495,51,432,3,413,4546
2022,12,12,1,"AA",4624,14,499,50,520,2,472,4610
2022,12,13,2,"AA",4558,126,483,542,774,4,812,4432
2022,12,14,3,"AA",4575,26,559,61,513,6,455,4549
2022,12,15,4,"AA",4742,25,748,173,873,10,824,4717
2022,12,16,5,"AA",4786,73,803,193,922,8,847,4713
2022,12,17,6,"AA",4409,30,789,84,535,18,670,4379
2022,12,18,7,"AA",4721,27,645,36,376,7,513,4694
2022,12,19,1,"AA",4526,36,612,51,490,11,550,4490
2022,12,20,2,"AA",4483,21,534,13,343,5,437,4462
2022,12,21,3,"AA",4765,47,698,92,462,5,569,4718
2022,12,22,4,"AA",4796,405,909,1023,1246,20,1273,4391
2022,12,23,5,"AA",4789,1024,882,1815,1046,10,1163,3765
2022,12,24,6,"AA",3216,195,774,497,494,3,619,3021
2022,12,25,7,"AA",3248,28,534,79,315,7,317,3220
2022,12,26,1,"AA",4717,41,1094,267,875,18,1011,4676
2022,12,27,2,"AA",4667,56,1061,97,622,13,808,4611
2022,12,28,3,"AA",4530,65,897,74,461,5,691,4465
2022,12,29,4,"AA",4544,22,741,25,448,11,556,4522
2022,12,30,5,"AA",4544,8,651,35,488,13,508,4536
2022,12,31,6,"AA",3320,18,381,78,333,12,285,3302
2023,1,1,7,"AA",3982,34,387,93,296,7,283,3948
2023,1,2,1,"AA",4730,92,712,211,870,18,772,4638
2023,1,3,2,"AA",4615,87,1092,180,878,6,923,4528
2023,1,4,3,"AA",4488,233,690,405,693,8,721,4255
2023,1,5,4,"AA",4125,53,536,119,454,10,351,4072
2023,1,6,5,"AA",4123,5,376,33,263,5,286,4118
2023,1,7,6,"AA",4289,5,346,16,243,7,273,4284
2023,1,8,7,"AA",4677,3,416,16,300,7,285,4674
2023,1,9,1,"AA",4683,21,317,25,245,3,210,4662
2023,1,10,2,"AA",4372,31,286,28,256,6,194,4341
2023,1,11,3,"AA",4489,479,347,17,2141,171,1617,4010
2023,1,12,4,"AA",4823,26,583,265,857,21,679,4797
2023,1,13,5,"AA",4825,15,587,89,780,5,574,4810
2023,1,14,6,"AA",3582,2,259,12,224,3,142,3580
2023,1,15,7,"AA",4231,3,309,20,310,7,180,4228
2023,1,16,1,"AA",4512,19,311,45,292,5,223,4493
2023,1,17,2,"AA",4456,14,273,27,201,4,172,4442
2023,1,18,3,"AA",4490,27,256,64,279,2,202,4463
2023,1,19,4,"AA",4824,29,346,67,488,0,276,4795
2023,1,20,5,"AA",4825,6,330,78,397,11,302,4819
2023,1,21,6,"AA",4112,0,214,12,167,6,132,4112
2023,1,22,7,"AA",4754,23,497,150,706,5,542,4731
2023,1,23,1,"AA",4511,33,379,68,496,4,417,4478
2023,1,24,2,"AA",4456,58,349,96,437,1,279,4398
2023,1,25,3,"AA",4490,136,446,203,964,4,591,4354
2023,1,26,4,"AA",4824,13,423,101,675,3,448,4811
2023,1,27,5,"AA",4825,13,377,97,507,5,358,4812
2023,1,28,6,"AA",4112,10,252,83,364,37,239,4102
2023,1,29,7,"AA",4753,20,542,116,639,2,504,4733
2023,1,30,1,"AA",4509,349,514,511,747,6,491,4160
2023,1,31,2,"AA",4456,975,402,1183,648,5,454,3481
2023,2,1,3,"AA",4490,1190,441,1291,507,2,346,3300
2023,2,2,4,"AA",4810,518,619,756,598,6,610,4292
2023,2,3,5,"AA",4875,53,595,237,631,5,688,4822
2023,2,4,6,"AA",4459,31,486,46,263,6,435,4428
2023,2,5,7,"AA",4825,18,493,47,319,5,457,4807
2023,2,6,1,"AA",4894,5,338,9,271,2,264,4889
2023,2,7,2,"AA",4502,2,248,42,271,3,184,4500
2023,2,8,3,"AA",4524,3,345,185,498,3,449,4521
2023,2,9,4,"AA",4909,1,435,36,381,4,443,4908
2023,2,10,5,"AA",4915,1,464,14,373,5,411,4914
2023,2,11,6,"AA",4466,2,358,8,254,8,291,4464
2023,2,12,7,"AA",4844,1,385,14,327,4,333,4843
2023,2,13,1,"AA",4908,4,422,12,367,4,423,4904
2023,2,14,2,"AA",4507,28,305,55,308,2,283,4479
2023,2,15,3,"AA",4525,34,381,78,331,5,402,4491
2023,2,16,4,"AA",4904,76,673,248,796,8,769,4828
2023,2,17,5,"AA",4909,41,723,89,714,17,825,4868
2023,2,18,6,"AA",4136,0,342,7,201,6,246,4136
2023,2,19,7,"AA",4778,0,320,3,250,6,257,4778
2023,2,20,1,"AA",4898,1,413,11,344,6,378,4897
2023,2,21,2,"AA",4763,10,370,25,338,6,358,4753
2023,2,22,3,"AA",4789,185,481,267,558,3,418,4604
2023,2,23,4,"AA",4904,106,566,156,563,6,519,4798
2023,2,24,5,"AA",4908,55,636,92,692,10,656,4853
2023,2,25,6,"AA",4463,9,542,41,469,13,501,4454
2023,2,26,7,"AA",4825,29,684,53,548,8,629,4796
2023,2,27,1,"AA",4889,80,462,141,431,5,452,4809
2023,2,28,2,"AA",4739,17,352,52,405,5,374,4722
2023,3,1,3,"AA",4639,33,573,105,689,7,515,4606
2023,3,2,4,"AA",4915,385,532,508,707,4,521,4530
2023,3,3,5,"AA",4927,193,758,355,810,4,742,4734
2023,3,4,6,"AA",4488,114,459,129,271,6,327,4374
2023,3,5,7,"AA",4850,3,463,12,340,5,383,4847
2023,3,6,1,"AA",4921,2,369,10,331,6,286,4919
2023,3,7,2,"AA",4540,2,331,12,378,4,262,4538
2023,3,8,3,"AA",4689,3,404,10,447,3,359,4686
2023,3,9,4,"AA",4930,37,545,298,780,12,755,4893
2023,3,10,5,"AA",4935,28,721,121,870,7,835,4907
2023,3,11,6,"AA",4488,8,614,37,596,13,560,4480
2023,3,12,7,"AA",4857,9,739,103,810,19,816,4848
2023,3,13,1,"AA",4920,13,607,105,744,12,701,4907
2023,3,14,2,"AA",4541,213,462,257,572,5,489,4328
2023,3,15,3,"AA",4689,29,469,71,513,5,490,4660
2023,3,16,4,"AA",4929,282,409,531,613,9,536,4647
2023,3,17,5,"AA",4931,91,736,121,537,9,708,4840
2023,3,18,6,"AA",4482,0,599,35,527,11,579,4482
2023,3,19,7,"AA",4854,2,486,5,410,2,435,4852
2023,3,20,1,"AA",4920,5,432,14,353,8,388,4915
2023,3,21,2,"AA",4539,16,354,29,370,4,275,4523
2023,3,22,3,"AA",4688,30,382,37,370,1,326,4658
2023,3,23,4,"AA",4928,5,580,54,612,11,638,4923
2023,3,24,5,"AA",4928,61,787,371,940,10,1092,4867
2023,3,25,6,"AA",4474,48,665,96,595,24,685,4426
2023,3,26,7,"AA",4817,47,768,121,786,10,856,4770
2023,3,27,1,"AA",4884,16,589,44,644,5,657,4868
2023,3,28,2,"AA",4502,2,391,21,396,7,393,4500
2023,3,29,3,"AA",4643,0,321,41,345,9,295,4643
2023,3,30,4,"AA",4882,9,471,23,424,6,424,4873
2023,3,31,5,"AA",4894,110,628,329,856,3,736,4784
2023,4,1,6,"AA",4452,174,685,313,669,5,777,4278
2023,4,2,7,"AA",4817,212,549,473,500,14,603,4605
2023,4,3,1,"AA",4864,20,468,37,291,3,351,4844
2023,4,4,2,"AA",4474,64,364,167,415,7,407,4410
2023,4,5,3,"AA",4807,216,847,364,1227,10,1138,4591
2023,4,6,4,"AA",4943,76,629,165,731,9,661,4867
2023,4,7,5,"AA",4946,1,509,35,597,11,660,4945
2023,4,8,6,"AA",4314,0,396,13,305,7,413,4314
2023,4,9,7,"AA",4555,0,345,12,251,5,324,4555
2023,4,10,1,"AA",4939,0,405,38,411,5,368,4939
2023,4,11,2,"AA",4567,0,327,12,331,1,267,4567
2023,4,12,3,"AA",4806,12,335,34,307,5,293,4794
2023,4,13,4,"AA",4959,36,411,84,375,9,401,4923
2023,4,14,5,"AA",4969,13,541,38,427,8,492,4956
2023,4,15,6,"AA",4543,68,507,118,721,5,503,4475
2023,4,16,7,"AA",4882,29,605,79,556,15,556,4853
2023,4,17,1,"AA",4937,25,663,74,651,6,758,4912
2023,4,18,2,"AA",4562,7,329,6,177,4,219,4555
2023,4,19,3,"AA",4811,4,310,25,261,3,267,4807
2023,4,20,4,"AA",4959,379,527,654,873,7,650,4580
2023,4,21,5,"AA",4963,109,586,141,397,12,525,4854
2023,4,22,6,"AA",4541,75,573,233,723,9,749,4466
2023,4,23,7,"AA",4880,17,571,37,363,7,535,4863
2023,4,24,1,"AA",4938,0,399,15,327,4,348,4938
2023,4,25,2,"AA",4565,2,366,7,286,0,321,4563
2023,4,26,3,"AA",4806,315,475,646,875,3,674,4491
2023,4,27,4,"AA",4955,46,833,133,744,4,866,4909
2023,4,28,5,"AA",4968,155,640,411,761,0,786,4813
2023,4,29,6,"AA",4539,77,563,65,478,6,535,4462
2023,4,30,7,"AA",4880,146,850,194,835,8,939,4734
2023,5,1,1,"AA",4935,89,700,53,395,8,539,4846
2023,5,2,2,"AA",4565,16,320,16,221,0,235,4549
2023,5,3,3,"AA",4809,16,340,2,189,6,284,4793
2023,5,4,4,"AA",4897,1,538,15,343,7,446,4896
2023,5,5,5,"AA",4856,2,479,5,281,11,448,4854
2023,5,6,6,"AA",4366,13,328,66,294,5,244,4353
2023,5,7,7,"AA",4807,16,607,79,536,7,590,4791
2023,5,8,1,"AA",4871,6,579,71,401,12,572,4865
2023,5,9,2,"AA",4463,2,386,22,249,2,294,4461
2023,5,10,3,"AA",4720,6,447,53,348,10,335,4714
2023,5,11,4,"AA",4880,1,586,50,498,4,526,4879
2023,5,12,5,"AA",4889,3,612,17,460,5,504,4886
2023,5,13,6,"AA",4356,1,518,49,398,6,427,4355
2023,5,14,7,"AA",4801,2,623,37,414,11,536,4799
2023,5,15,1,"AA",4871,1,646,65,499,5,632,4870
2023,5,16,2,"AA",4464,1,373,81,300,4,308,4463
2023,5,17,3,"AA",4714,0,423,21,269,4,337,4714
2023,5,18,4,"AA",4878,0,550,31,431,8,453,4878
2023,5,19,5,"AA",4887,280,440,574,500,14,527,4607
2023,5,20,6,"AA",4359,84,467,109,227,11,364,4275
2023,5,21,7,"AA",4801,2,433,17,211,12,356,4799
2023,5,22,1,"AA",4871,0,536,37,390,5,523,4871
2023,5,23,2,"AA",4462,0,312,25,190,4,244,4462
2023,5,24,3,"AA",4720,0,446,62,371,7,342,4720
2023,5,25,4,"AA",4887,0,410,57,370,7,388,4887
2023,5,26,5,"AA",4894,0,457,22,334,5,428,4894
2023,5,27,6,"AA",3995,0,243,8,164,11,168,3995
2023,5,28,7,"AA",4473,11,312,21,221,5,265,4462
2023,5,29,1,"AA",4878,17,417,60,411,9,405,4861
2023,5,30,2,"AA",4464,13,297,284,368,0,365,4451
2023,5,31,3,"AA",4697,1,350,87,353,6,279,4696
2023,6,1,4,"AA",4999,26,499,82,462,9,465,4973
2023,6,2,5,"AA",5098,32,580,82,582,5,548,5066
2023,6,3,6,"AA",4697,11,608,239,705,13,710,4686
2023,6,4,7,"AA",5019,25,864,42,594,12,833,4994
2023,6,5,1,"AA",5070,30,541,25,372,9,479,5040
2023,6,6,2,"AA",4723,35,392,263,573,1,517,4688
2023,6,7,3,"AA",4821,16,429,155,606,4,410,4805
2023,6,8,4,"AA",5103,16,539,149,640,4,627,5087
2023,6,9,5,"AA",5112,23,596,30,392,3,519,5089
2023,6,10,6,"AA",4691,85,608,314,574,8,676,4606
2023,6,11,7,"AA",5016,90,637,355,709,9,664,4926
2023,6,12,1,"AA",5076,164,845,417,963,8,1040,4912
2023,6,13,2,"AA",4732,14,635,393,840,2,800,4718
2023,6,14,3,"AA",4825,6,533,62,621,5,530,4819
2023,6,15,4,"AA",5105,20,664,276,787,6,732,5085
2023,6,16,5,"AA",5092,122,921,171,956,46,999,4970
2023,6,17,6,"AA",4676,52,754,109,547,6,696,4624
2023,6,18,7,"AA",5004,10,696,42,442,8,644,4994
2023,6,19,1,"AA",5070,166,654,299,653,11,710,4904
2023,6,20,2,"AA",4724,55,691,153,575,7,622,4669
2023,6,21,3,"AA",4991,74,774,384,959,11,1027,4917
2023,6,22,4,"AA",5093,59,880,369,774,9,1054,5034
2023,6,23,5,"AA",5104,48,1048,327,1157,9,1269,5056
2023,6,24,6,"AA",4694,52,769,127,622,7,746,4642
2023,6,25,7,"AA",5020,220,934,307,949,7,1003,4800
2023,6,26,1,"AA",5085,353,812,452,823,7,835,4732
2023,6,27,2,"AA",4743,400,643,294,737,10,519,4343
2023,6,28,3,"AA",5005,87,716,67,570,7,645,4918
2023,6,29,4,"AA",5093,21,675,128,678,12,711,5072
2023,6,30,5,"AA",5095,54,770,114,589,5,655,5041
2023,7,1,6,"AA",4684,38,861,179,764,11,866,4646
2023,7,2,7,"AA",4916,61,731,250,755,9,900,4855
2023,7,3,1,"AA",4093,4,364,91,354,3,357,4089
2023,7,4,2,"AA",3882,13,284,74,278,2,270,3869
2023,7,5,3,"AA",5077,152,507,351,817,11,599,4925
2023,7,6,4,"AA",5236,34,681,129,696,3,806,5202
2023,7,7,5,"AA",5242,148,745,252,1033,8,974,5094
2023,7,8,6,"AA",4817,26,776,215,913,19,925,4791
2023,7,9,7,"AA",5146,498,988,636,1023,13,1134,4648
2023,7,10,1,"AA",5219,91,840,107,655,9,902,5128
2023,7,11,2,"AA",4868,11,618,201,586,5,753,4857
2023,7,12,3,"AA",5112,142,464,294,496,5,521,4970
2023,7,13,4,"AA",5226,13,648,71,622,10,610,5213
2023,7,14,5,"AA",5235,264,899,386,1210,8,1112,4971
2023,7,15,6,"AA",4814,141,1008,326,906,17,1056,4673
2023,7,16,7,"AA",5154,351,1048,624,1206,12,1436,4803
2023,7,17,1,"AA",5229,93,999,165,688,12,965,5136
2023,7,18,2,"AA",4878,115,674,122,649,7,720,4763
2023,7,19,3,"AA",5124,13,588,46,508,8,622,5111
2023,7,20,4,"AA",5240,12,717,72,640,10,761,5228
2023,7,21,5,"AA",5244,49,752,116,635,8,866,5195
2023,7,22,6,"AA",4823,14,653,47,422,9,643,4809
2023,7,23,7,"AA",5156,130,812,361,803,7,1043,5026
2023,7,24,1,"AA",5231,97,974,126,701,12,1000,5134
2023,7,25,2,"AA",4881,169,581,185,680,5,628,4712
2023,7,26,3,"AA",5128,38,678,223,685,6,843,5090
2023,7,27,4,"AA",5245,215,675,156,650,6,619,5030
2023,7,28,5,"AA",5239,145,771,460,881,3,967,5094
2023,7,29,6,"AA",4820,242,855,338,777,9,820,4578
2023,7,30,7,"AA",5158,48,799,92,530,12,726,5110
2023,7,31,1,"AA",5233,8,685,54,475,12,692,5225
2023,8,1,2,"AA",4880,1,453,6,225,7,439,4879
2023,8,2,3,"AA",5120,1,469,18,295,3,418,5119
2023,8,3,4,"AA",5219,14,614,21,460,10,607,5205
2023,8,4,5,"AA",5163,33,695,79,566,21,694,5130
2023,8,5,6,"AA",4759,5,683,70,416,5,604,4754
2023,8,6,7,"AA",5087,171,771,435,712,7,954,4916
2023,8,7,1,"AA",5161,404,882,638,963,5,979,4757
2023,8,8,2,"AA",5117,120,848,135,520,10,804,4997
2023,8,9,3,"AA",5166,50,637,148,557,9,672,5116
2023,8,10,4,"AA",5171,100,1049,321,879,15,1261,5071
2023,8,11,5,"AA",5161,14,764,36,403,12,723,5147
2023,8,12,6,"AA",4756,18,758,125,668,18,834,4738
2023,8,13,7,"AA",5087,21,770,41,434,16,760,5066
2023,8,14,1,"AA",5166,157,716,226,838,9,872,5009
2023,8,15,2,"AA",5047,29,581,236,528,3,785,5018
2023,8,16,3,"AA",5117,14,452,20,311,4,398,5103
2023,8,17,4,"AA",5139,102,599,289,590,8,777,5037
2023,8,18,5,"AA",5128,39,603,103,449,9,645,5089
2023,8,19,6,"AA",4779,3,441,10,249,4,376,4776
2023,8,20,7,"AA",5060,27,534,70,358,5,510,5033
2023,8,21,1,"AA",5141,15,499,25,252,6,454,5126
2023,8,22,2,"AA",5074,9,376,21,157,8,297,5065
2023,8,23,3,"AA",5116,9,369,19,206,7,356,5107
2023,8,24,4,"AA",5137,3,496,64,401,2,484,5134
2023,8,25,5,"AA",5137,18,517,36,404,8,513,5119
2023,8,26,6,"AA",4773,18,392,67,255,5,359,4755
2023,8,27,7,"AA",5064,136,565,364,580,3,742,4928
2023,8,28,1,"AA",5135,52,508,162,405,6,562,5083
2023,8,29,2,"AA",5068,144,365,350,465,2,485,4924
2023,8,30,3,"AA",5112,267,406,300,415,2,390,4845
2023,8,31,4,"AA",5142,32,441,88,256,1,454,5110
2023,9,1,5,"AA",5141,2,524,40,332,9,516,5139
2023,9,2,6,"AA",3858,1,279,7,116,5,232,3857
2023,9,3,7,"AA",3893,1,235,18,182,3,208,3892
2023,9,4,1,"AA",4981,1,353,15,228,4,312,4980
2023,9,5,2,"AA",4741,0,296,8,149,2,230,4741
2023,9,6,3,"AA",4497,0,310,40,256,2,297,4497
2023,9,7,4,"AA",5161,143,454,264,869,5,673,5018
2023,9,8,5,"AA",5260,261,703,293,955,6,796,4999
2023,9,9,6,"AA",4421,406,452,350,743,5,506,4015
2023,9,10,7,"AA",5109,376,829,225,907,10,704,4733
2023,9,11,1,"AA",5249,103,616,96,751,11,689,5146
2023,9,12,2,"AA",4625,35,375,107,421,4,392,4590
2023,9,13,3,"AA",4956,7,432,30,392,7,507,4949
2023,9,14,4,"AA",5265,7,559,63,564,1,675,5258
2023,9,15,5,"AA",5268,4,493,27,392,6,440,5264
2023,9,16,6,"AA",4428,62,299,133,279,3,266,4366
2023,9,17,7,"AA",5127,25,554,54,427,4,456,5102
2023,9,18,1,"AA",5261,7,493,78,375,7,441,5254
2023,9,19,2,"AA",4633,29,298,228,499,1,362,4604
2023,9,20,3,"AA",4964,24,445,52,469,4,407,4940
2023,9,21,4,"AA",5270,0,513,68,624,5,500,5270
2023,9,22,5,"AA",5274,12,674,65,657,8,683,5262
2023,9,23,6,"AA",4431,7,368,29,418,5,360,4424
2023,9,24,7,"AA",5119,36,509,191,658,13,556,5083
2023,9,25,1,"AA",5263,70,593,108,630,3,681,5193
2023,9,26,2,"AA",4643,9,368,68,512,5,455,4634
2023,9,27,3,"AA",4974,4,338,23,301,6,352,4970
2023,9,28,4,"AA",5281,1,445,25,476,7,408,5280
2023,9,29,5,"AA",5289,155,551,104,562,7,508,5134
2023,9,30,6,"AA",4443,0,331,12,290,2,241,4443
2023,10,1,7,"AA",5134,10,458,17,320,5,381,5124
2023,10,2,1,"AA",5270,0,435,6,270,3,339,5270
2023,10,3,2,"AA",4643,1,321,2,204,2,227,4642
2023,10,4,3,"AA",4964,322,335,361,310,3,222,4642
2023,10,5,4,"AA",5138,65,545,134,387,10,474,5073
2023,10,6,5,"AA",5170,14,405,15,316,4,335,5156
2023,10,7,6,"AA",4559,12,364,10,259,6,277,4547
2023,10,8,7,"AA",5076,4,390,10,254,5,274,5072
2023,10,9,1,"AA",5159,0,365,2,232,7,306,5159
2023,10,10,2,"AA",4968,1,300,1,144,2,235,4967
2023,10,11,3,"AA",5086,0,367,32,357,5,261,5086
2023,10,12,4,"AA",5157,2,466,21,555,1,456,5155
2023,10,13,5,"AA",5166,0,463,23,406,5,417,5166
2023,10,14,6,"AA",4553,0,408,33,294,7,327,4553
2023,10,15,7,"AA",5084,0,434,1,297,4,370,5084
2023,10,16,1,"AA",5165,0,394,2,308,8,317,5165
2023,10,17,2,"AA",4976,2,330,6,224,5,266,4974
2023,10,18,3,"AA",5099,0,346,20,224,6,319,5099
2023,10,19,4,"AA",5167,0,516,16,438,3,417,5167
2023,10,20,5,"AA",5172,9,481,96,494,9,561,5163
2023,10,21,6,"AA",4555,2,368,5,217,3,256,4553
2023,10,22,7,"AA",5091,0,477,7,239,10,389,5091
2023,10,23,1,"AA",5171,1,475,9,291,5,369,5170
2023,10,24,2,"AA",4980,10,416,36,354,5,400,4970
2023,10,25,3,"AA",5095,194,375,377,534,4,444,4901
2023,10,26,4,"AA",5159,86,591,176,480,10,570,5073
2023,10,27,5,"AA",5152,11,499,196,585,4,577,5141
2023,10,28,6,"AA",3842,7,401,122,350,7,328,3835
2023,10,29,7,"AA",4788,10,551,49,626,8,499,4778
2023,10,30,1,"AA",4630,2,403,11,405,18,384,4628
2023,10,31,2,"AA",3866,0,234,21,302,2,195,3866
2023,11,1,3,"AA",5106,0,390,4,324,5,286,5106
2023,11,2,4,"AA",5179,0,381,4,297,6,294,5179
2023,11,3,5,"AA",5181,0,369,4,256,6,278,5181
2023,11,4,6,"AA",4523,3,287,12,190,3,228,4520
2023,11,5,7,"AA",5029,0,383,22,225,4,354,5029
2023,11,6,1,"AA",5076,2,354,7,224,6,280,5074
2023,11,7,2,"AA",4878,2,266,9,183,5,190,4876
2023,11,8,3,"AA",4963,1,285,15,234,3,206,4962
2023,11,9,4,"AA",5118,1,424,102,420,5,368,5117
2023,11,10,5,"AA",5139,3,408,18,320,2,330,5136
2023,11,11,6,"AA",4580,0,242,0,148,7,165,4580
2023,11,12,7,"AA",5084,1,346,3,270,6,248,5083
2023,11,13,1,"AA",5076,1,334,9,275,4,248,5075
2023,11,14,2,"AA",4879,1,243,4,198,3,176,4878
2023,11,15,3,"AA",4962,0,360,54,295,11,294,4962
2023,11,16,4,"AA",5090,0,445,24,413,2,402,5090
2023,11,17,5,"AA",5195,0,473,17,472,17,351,5195
2023,11,18,6,"AA",4614,0,340,9,275,11,220,4614
2023,11,19,7,"AA",5130,2,475,14,416,10,365,5128
2023,11,20,1,"AA",5049,2,510,23,539,10,421,5047
2023,11,21,2,"AA",4990,36,541,233,780,7,649,4954
2023,11,22,3,"AA",5033,3,390,35,404,13,373,5030
2023,11,23,4,"AA",2140,0,70,1,31,1,17,2140
2023,11,24,5,"AA",4261,0,213,5,133,4,109,4261
2023,11,25,6,"AA",5070,9,366,40,280,7,263,5061
2023,11,26,7,"AA",5480,5,760,167,1032,14,956,5475
2023,11,27,1,"AA",5266,0,537,23,518,9,470,5266
2023,11,28,2,"AA",4472,0,358,6,261,6,239,4472
2023,11,29,3,"AA",4454,0,254,5,187,1,165,4454
2023,11,30,4,"AA",4932,1,487,87,602,3,463,4931
2023,12,1,5,"AA",5045,2,476,25,535,5,398,5043
2023,12,2,6,"AA",4167,5,310,43,304,3,244,4162
2023,12,3,7,"AA",5121,15,548,80,584,7,529,5106
2023,12,4,1,"AA",5167,4,385,13,284,6,307,5163
2023,12,5,2,"AA",4355,1,238,2,202,4,138,4354
2023,12,6,3,"AA",4417,0,233,2,194,1,152,4417
2023,12,7,4,"AA",4994,0,258,3,239,2,237,4994
2023,12,8,5,"AA",5039,1,277,7,239,2,225,5038
2023,12,9,6,"AA",4141,9,318,48,319,4,247,4132
2023,12,10,7,"AA",4964,14,665,107,894,16,712,4950
2023,12,11,1,"AA",4830,5,396,18,373,13,394,4825
2023,12,12,2,"AA",4358,6,179,4,125,2,117,4352
2023,12,13,3,"AA",4414,1,234,2,165,3,139,4413
2023,12,14,4,"AA",4994,2,425,12,359,5,374,4992
2023,12,15,5,"AA",5036,1,430,18,335,5,371,5035
2023,12,16,6,"AA",4085,1,387,47,364,8,283,4084
2023,12,17,7,"AA",4396,1,509,84,567,10,564,4395
2023,12,18,1,"AA",4321,32,307,57,324,5,277,4289
2023,12,19,2,"AA",4285,2,257,4,184,7,157,4283
2023,12,20,3,"AA",5032,1,403,21,307,16,329,5031
2023,12,21,4,"AA",5095,2,407,55,353,6,333,5093
2023,12,22,5,"AA",5235,6,566,62,524,7,427,5229
2023,12,23,6,"AA",4915,7,496,83,488,5,427,4908
2023,12,24,7,"AA",3399,2,251,49,203,1,178,3397
2023,12,25,1,"AA",4017,5,225,37,171,6,203,4012
2023,12,26,2,"AA",4996,20,590,218,682,10,682,4976
2023,12,27,3,"AA",4960,38,641,88,652,15,578,4922
2023,12,28,4,"AA",4956,14,672,56,607,8,658,4942
2023,12,29,5,"AA",4954,5,490,23,513,3,441,4949
2023,12,30,6,"AA",4757,5,456,9,391,8,410,4752
2023,12,31,7,"AA",4218,1,317,85,357,4,340,4217
2024,1,1,1,"AA",4718,0,370,13,224,7,312,4718
2024,1,2,2,"AA",4994,1,461,30,430,15,454,4993
2024,1,3,3,"AA",4940,3,551,22,418,8,468,4937
2024,1,4,4,"AA",4454,11,324,31,214,17,273,4443
2024,1,5,5,"AA",4453,1,408,18,326,11,297,4452
2024,1,6,6,"AA",4744,58,843,282,1040,21,1021,4686
2024,1,7,7,"AA",5030,66,776,135,689,17,714,4964
2024,1,8,1,"AA",4953,131,733,467,1102,24,949,4822
2024,1,9,2,"AA",4408,474,612,1189,1449,6,1273,3934
2024,1,10,3,"AA",4630,89,699,127,480,13,584,4541
2024,1,11,4,"AA",5072,29,649,64,651,9,543,5043
2024,1,12,5,"AA",5091,475,835,1016,1296,4,1315,4616
2024,1,13,6,"AA",4161,196,654,374,760,11,635,3965
2024,1,14,7,"AA",4638,197,705,641,1011,10,897,4441
2024,1,15,1,"AA",4993,767,830,1687,1379,20,1409,4226
2024,1,16,2,"AA",4403,635,976,1124,1057,4,1130,3768
2024,1,17,3,"AA",4640,199,761,263,475,11,689,4441
2024,1,18,4,"AA",5080,67,551,109,500,12,484,5013
2024,1,19,5,"AA",5096,300,749,679,1244,8,1210,4796
2024,1,20,6,"AA",4306,22,628,43,422,9,508,4284
2024,1,21,7,"AA",5012,29,642,49,420,8,578,4983
2024,1,22,1,"AA",5002,180,714,296,762,9,765,4822
2024,1,23,2,"AA",4408,97,477,311,728,6,609,4311
2024,1,24,3,"AA",4645,204,524,524,867,2,839,4441
2024,1,25,4,"AA",5085,169,642,388,654,4,811,4916
2024,1,26,5,"AA",5105,39,707,117,614,12,710,5066
2024,1,27,6,"AA",4312,20,435,83,394,9,406,4292
2024,1,28,7,"AA",5018,4,576,21,450,9,602,5014
2024,1,29,1,"AA",5008,4,344,19,270,9,275,5004
2024,1,30,2,"AA",4410,6,308,6,245,2,192,4404
2024,1,31,3,"AA",4634,3,261,2,235,8,195,4631
2024,2,1,4,"AA",5078,9,365,14,329,2,291,5069
2024,2,2,5,"AA",5098,16,402,36,485,8,367,5082
2024,2,3,6,"AA",4312,15,294,26,273,7,206,4297
2024,2,4,7,"AA",5000,15,605,100,677,12,604,4985
2024,2,5,1,"AA",4986,11,487,23,435,18,445,4975
2024,2,6,2,"AA",4393,12,322,19,288,3,219,4381
2024,2,7,3,"AA",4630,15,299,21,265,1,181,4615
2024,2,8,4,"AA",5066,4,414,57,461,8,329,5062
2024,2,9,5,"AA",5088,3,356,27,332,8,292,5085
2024,2,10,6,"AA",4311,0,402,29,373,11,305,4311
2024,2,11,7,"AA",4999,4,547,158,619,7,607,4995
2024,2,12,1,"AA",4996,18,539,64,532,11,556,4978
2024,2,13,2,"AA",4391,172,280,253,291,1,311,4219
2024,2,14,3,"AA",4608,0,247,11,198,10,154,4608
2024,2,15,4,"AA",5038,1,389,17,331,9,321,5037
2024,2,16,5,"AA",5094,5,477,74,508,10,460,5089
2024,2,17,6,"AA",4547,0,501,58,619,16,537,4547
2024,2,18,7,"AA",4992,3,458,119,458,9,459,4989
2024,2,19,1,"AA",5078,7,410,15,406,11,332,5071
2024,2,20,2,"AA",4839,1,335,7,281,7,247,4838
2024,2,21,3,"AA",4990,1,355,5,297,7,267,4989
2024,2,22,4,"AA",5086,0,388,12,359,7,315,5086
2024,2,23,5,"AA",5095,0,377,52,408,2,299,5095
2024,2,24,6,"AA",4570,1,400,8,324,5,304,4569
2024,2,25,7,"AA",5031,0,383,2,318,8,279,5031
2024,2,26,1,"AA",5083,2,387,3,300,11,312,5081
2024,2,27,2,"AA",4838,26,385,74,448,6,501,4812
2024,2,28,3,"AA",4989,13,541,108,677,9,680,4976
2024,2,29,4,"AA",5077,4,478,15,363,2,386,5073
2024,3,1,5,"AA",5082,2,543,47,445,11,523,5080
2024,3,2,6,"AA",4688,24,443,66,417,8,389,4664
2024,3,3,7,"AA",5020,21,625,151,620,5,679,4999
2024,3,4,1,"AA",5059,1,361,39,425,11,343,5058
2024,3,5,2,"AA",4847,2,399,29,412,3,352,4845
2024,3,6,3,"AA",5032,2,465,32,521,7,442,5030
2024,3,7,4,"AA",5128,323,559,653,888,5,793,4805
2024,3,8,5,"AA",5132,103,884,410,977,8,1110,5029
2024,3,9,6,"AA",4741,106,700,199,948,14,893,4635
2024,3,10,7,"AA",5071,67,856,48,645,22,849,5004
2024,3,11,1,"AA",5121,3,532,20,360,10,575,5118
2024,3,12,2,"AA",4892,3,333,2,176,6,303,4889
2024,3,13,3,"AA",5036,1,378,7,253,7,354,5035
2024,3,14,4,"AA",5131,155,558,418,766,11,700,4976
2024,3,15,5,"AA",5134,24,630,290,698,10,887,5110
2024,3,16,6,"AA",4738,91,445,465,583,8,763,4647
2024,3,17,7,"AA",5143,6,692,41,485,14,730,5137
2024,3,18,1,"AA",5129,1,589,20,527,14,640,5128
2024,3,19,2,"AA",4890,3,398,4,254,12,354,4887
2024,3,20,3,"AA",5035,3,431,7,389,12,377,5032
2024,3,21,4,"AA",5126,44,524,217,635,8,602,5082
2024,3,22,5,"AA",5128,60,617,202,749,22,720,5068
2024,3,23,6,"AA",4747,173,634,330,590,6,742,4574
2024,3,24,7,"AA",5138,104,690,166,511,20,714,5034
2024,3,25,1,"AA",5124,3,638,43,586,8,615,5121
2024,3,26,2,"AA",4889,3,496,20,436,19,470,4886
2024,3,27,3,"AA",5031,38,636,101,840,9,774,4993
2024,3,28,4,"AA",5119,8,718,41,639,6,754,5111
2024,3,29,5,"AA",5121,2,549,6,384,11,566,5119
2024,3,30,6,"AA",4743,2,434,23,284,9,368,4741
2024,3,31,7,"AA",5059,10,476,24,370,11,374,5049
2024,4,1,1,"AA",5100,35,545,231,691,10,722,5065
2024,4,2,2,"AA",4868,31,523,112,587,12,575,4837
2024,4,3,3,"AA",4991,306,582,457,939,11,723,4685
2024,4,4,4,"AA",5320,49,777,85,559,9,780,5271
2024,4,5,5,"AA",5382,3,463,12,444,2,416,5379
2024,4,6,6,"AA",5004,0,434,9,405,7,372,5004
2024,4,7,7,"AA",5301,0,472,11,403,8,406,5301
2024,4,8,1,"AA",5374,33,466,111,572,4,492,5341
2024,4,9,2,"AA",5024,100,489,253,807,2,682,4924
2024,4,10,3,"AA",5313,54,701,352,933,14,1017,5259
2024,4,11,4,"AA",5381,78,863,209,938,8,1029,5303
2024,4,12,5,"AA",5390,1,654,138,792,9,888,5389
2024,4,13,6,"AA",5004,1,480,10,392,12,451,5003
2024,4,14,7,"AA",5309,1,490,11,385,6,446,5308
2024,4,15,1,"AA",5374,8,521,72,523,14,533,5366
2024,4,16,2,"AA",5018,3,433,77,474,6,436,5015
2024,4,17,3,"AA",5314,0,469,23,443,5,477,5314
2024,4,18,4,"AA",5382,0,541,21,439,5,507,5382
2024,4,19,5,"AA",5390,1,542,52,473,9,560,5389
2024,4,20,6,"AA",5005,570,421,1097,1096,3,893,4435
2024,4,21,7,"AA",5313,93,946,123,513,9,847,5220
2024,4,22,1,"AA",5376,2,488,94,365,7,502,5374
2024,4,23,2,"AA",5020,0,315,11,272,4,258,5020
2024,4,24,3,"AA",5305,2,369,8,264,5,337,5303
2024,4,25,4,"AA",5379,0,381,18,377,9,316,5379
2024,4,26,5,"AA",5391,73,507,593,954,9,965,5318
2024,4,27,6,"AA",5008,7,457,37,500,9,433,5001
2024,4,28,7,"AA",5314,40,736,301,918,7,915,5274
2024,4,29,1,"AA",5373,19,474,60,377,5,491,5354
2024,4,30,2,"AA",5022,3,404,33,314,5,348,5019
2024,5,1,3,"AA",5317,0,505,23,393,8,439,5317
2024,5,2,4,"AA",5380,21,686,129,722,6,765,5359
2024,5,3,5,"AA",5389,2,644,67,582,17,617,5387
2024,5,4,6,"AA",5006,21,545,522,805,9,891,4985
2024,5,5,7,"AA",5301,1,794,95,757,7,783,5300
2024,5,6,1,"AA",5411,2,799,64,811,10,771,5409
2024,5,7,2,"AA",5343,76,676,262,959,6,940,5267
2024,5,8,3,"AA",5397,67,843,460,1290,11,1165,5330
2024,5,9,4,"AA",5465,85,1214,380,1448,15,1560,5380
2024,5,10,5,"AA",5469,33,1127,82,1075,11,1282,5436
2024,5,11,6,"AA",5106,17,842,17,651,6,824,5089
2024,5,12,7,"AA",5409,261,838,543,874,12,1012,5148
2024,5,13,1,"AA",5463,27,983,160,952,16,1078,5436
2024,5,14,2,"AA",5352,8,842,116,759,11,1009,5344
2024,5,15,3,"AA",5391,243,824,551,1098,5,1099,5148
2024,5,16,4,"AA",5464,423,1100,882,1379,13,1453,5041
2024,5,17,5,"AA",5469,35,1139,84,801,12,1134,5434
2024,5,18,6,"AA",5104,4,861,97,763,23,867,5100
2024,5,19,7,"AA",5413,0,772,74,685,10,755,5413
2024,5,20,1,"AA",5463,81,759,183,807,4,822,5382
2024,5,21,2,"AA",5341,12,862,127,910,6,908,5329
2024,5,22,3,"AA",5392,353,802,601,987,18,906,5039
2024,5,23,4,"AA",5628,39,1219,97,1244,21,1366,5589
2024,5,24,5,"AA",5538,209,853,486,1221,14,1107,5329
2024,5,25,6,"AA",4776,64,825,111,601,17,689,4712
2024,5,26,7,"AA",5043,40,793,238,1095,6,898,5003
2024,5,27,1,"AA",5362,119,658,530,1021,5,1004,5243
2024,5,28,2,"AA",5348,679,704,1251,1126,11,1105,4669
2024,5,29,3,"AA",5395,405,1028,529,713,9,945,4990
2024,5,30,4,"AA",5458,714,738,1086,809,10,889,4744
2024,5,31,5,"AA",5466,402,1105,546,682,15,960,5064
2024,6,1,6,"AA",5096,321,1096,476,729,12,965,4775
2024,6,2,7,"AA",5393,379,921,592,861,5,964,5014
2024,6,3,1,"AA",5454,108,976,218,1009,9,1026,5346
2024,6,4,2,"AA",5320,128,747,366,943,7,894,5192
2024,6,5,3,"AA",5453,208,1001,616,1235,13,1384,5245
2024,6,6,4,"AA",5561,36,869,149,677,7,940,5525
2024,6,7,5,"AA",5569,4,757,41,502,10,766,5565
2024,6,8,6,"AA",5209,2,625,34,379,16,586,5207
2024,6,9,7,"AA",5514,11,859,101,676,11,856,5503
2024,6,10,1,"AA",5558,28,829,226,654,10,1046,5530
2024,6,11,2,"AA",5453,74,633,354,714,8,966,5379
2024,6,12,3,"AA",5522,300,720,329,460,12,674,5222
2024,6,13,4,"AA",5567,250,745,301,609,14,754,5317
2024,6,14,5,"AA",5574,59,1105,139,813,13,1098,5515
2024,6,15,6,"AA",5207,34,787,24,330,16,661,5173
2024,6,16,7,"AA",5519,25,783,103,523,10,830,5494
2024,6,17,1,"AA",5565,6,723,48,470,7,757,5559
2024,6,18,2,"AA",5453,1,550,15,362,6,521,5452
2024,6,19,3,"AA",5524,1,585,18,405,3,654,5523
2024,6,20,4,"AA",5560,8,577,54,483,6,593,5552
2024,6,21,5,"AA",5561,4,636,48,491,11,652,5557
2024,6,22,6,"AA",5196,24,729,164,587,9,753,5172
2024,6,23,7,"AA",5506,125,851,233,714,17,859,5381
2024,6,24,1,"AA",5555,61,1047,105,634,11,991,5494
2024,6,25,2,"AA",5442,132,890,356,904,3,1124,5310
2024,6,26,3,"AA",5507,110,1076,288,998,15,1242,5397
2024,6,27,4,"AA",5554,66,902,112,590,9,867,5488
2024,6,28,5,"AA",5562,1,847,69,553,12,876,5561
2024,6,29,6,"AA",5204,11,831,59,536,8,865,5193
2024,6,30,7,"AA",5509,461,877,853,935,10,1200,5048
2024,7,1,1,"AA",5558,152,975,157,492,12,935,5406
2024,7,2,2,"AA",5444,2,621,30,380,7,606,5442
2024,7,3,3,"AA",5507,2,537,30,341,8,541,5505
2024,7,4,4,"AA",3849,1,231,15,158,1,155,3848
2024,7,5,5,"AA",5016,26,621,215,823,5,774,4990
2024,7,6,6,"AA",5274,43,761,237,626,10,938,5231
2024,7,7,7,"AA",5732,164,997,480,1168,8,1377,5568
2024,7,8,1,"AA",5703,210,1129,377,1023,10,1292,5493
2024,7,9,2,"AA",5526,66,1018,104,825,13,1025,5460
2024,7,10,3,"AA",5581,109,779,159,884,14,872,5472
2024,7,11,4,"AA",5637,13,803,62,631,10,899,5624
2024,7,12,5,"AA",5645,73,1071,211,1115,11,1470,5572
2024,7,13,6,"AA",5275,11,908,68,592,19,972,5264
2024,7,14,7,"AA",5592,136,1065,282,960,16,1310,5456
2024,7,15,1,"AA",5637,133,1058,354,909,15,1274,5504
2024,7,16,2,"AA",5532,203,864,590,1017,9,1240,5329
2024,7,17,3,"AA",5588,399,884,688,1385,6,1321,5189
2024,7,18,4,"AA",5643,288,1157,536,1170,15,1415,5355
2024,7,19,5,"AA",5647,529,2583,99,912,11,1832,5118
2024,7,20,6,"AA",5279,70,1260,96,669,22,1143,5209
2024,7,21,7,"AA",5601,132,1303,515,1314,16,1660,5469
2024,7,22,1,"AA",5638,197,1613,355,1504,16,1787,5441
2024,7,23,2,"AA",5524,334,1009,656,993,7,1311,5190
2024,7,24,3,"AA",5585,160,1319,238,1083,10,1395,5425
2024,7,25,4,"AA",5637,49,1147,77,842,12,1220,5588
2024,7,26,5,"AA",5647,12,1015,61,738,11,1057,5635
2024,7,27,6,"AA",5279,7,756,31,405,17,766,5272
2024,7,28,7,"AA",5599,11,936,93,692,11,1053,5588
2024,7,29,1,"AA",5639,24,832,390,863,3,1255,5615
2024,7,30,2,"AA",5529,70,704,300,900,6,989,5459
2024,7,31,3,"AA",5586,52,937,137,843,16,1067,5534
2024,8,1,4,"AA",5647,17,869,95,750,8,947,5630
2024,8,2,5,"AA",5650,270,821,587,1161,8,1202,5380
2024,8,3,6,"AA",5284,512,932,748,1224,5,1133,4772
2024,8,4,7,"AA",5600,978,1050,1070,655,6,784,4622
2024,8,5,1,"AA",5623,539,1096,693,723,9,996,5084
2024,8,6,2,"AA",5461,418,779,515,691,10,753,5043
2024,8,7,3,"AA",5636,118,932,158,862,11,994,5518
2024,8,8,4,"AA",5674,67,1036,385,1253,8,1497,5607
2024,8,9,5,"AA",5683,264,1238,372,1461,13,1619,5419
2024,8,10,6,"AA",5113,11,848,45,565,17,783,5102
2024,8,11,7,"AA",5628,24,842,61,648,8,874,5604
2024,8,12,1,"AA",5675,3,611,28,435,10,611,5672
2024,8,13,2,"AA",5477,8,457,29,329,8,498,5469
2024,8,14,3,"AA",5631,7,658,35,436,3,691,5624
2024,8,15,4,"AA",5677,3,811,121,657,10,928,5674
2024,8,16,5,"AA",5683,11,851,54,693,12,892,5672
2024,8,17,6,"AA",5117,15,801,62,729,12,793,5102
2024,8,18,7,"AA",5630,234,869,284,993,7,1049,5396
2024,8,19,1,"AA",5675,131,910,262,974,7,1160,5544
2024,8,20,2,"AA",5477,20,625,50,420,10,625,5457
2024,8,21,3,"AA",5625,4,583,62,379,10,646,5621
2024,8,22,4,"AA",5675,47,722,212,676,7,866,5628
2024,8,23,5,"AA",5675,13,698,38,612,9,788,5662
2024,8,24,6,"AA",5107,11,497,93,288,6,517,5096
2024,8,25,7,"AA",5624,17,572,25,339,8,544,5607
2024,8,26,1,"AA",5596,16,582,48,497,13,616,5580
2024,8,27,2,"AA",4464,4,315,63,335,1,246,4460
2024,8,28,3,"AA",4800,3,383,51,366,2,352,4797
2024,8,29,4,"AA",5654,175,855,312,1058,8,946,5479
2024,8,30,5,"AA",5657,248,910,468,1091,10,1136,5409
2024,8,31,6,"AA",4172,133,557,224,460,4,467,4039
2024,9,1,7,"AA",5025,148,597,402,789,6,728,4877
2024,9,2,1,"AA",5570,31,649,55,512,7,708,5539
2024,9,3,2,"AA",5297,1,467,18,355,2,452,5296
2024,9,4,3,"AA",4800,1,294,35,259,4,199,4799
2024,9,5,4,"AA",5387,1,421,25,444,4,399,5386
2024,9,6,5,"AA",5584,2,521,48,662,4,546,5582
2024,9,7,6,"AA",4674,1,377,10,278,2,277,4673
2024,9,8,7,"AA",5686,2,538,20,459,6,517,5684
2024,9,9,1,"AA",5586,0,392,21,347,7,359,5586
2024,9,10,2,"AA",4860,2,255,35,228,1,189,4858
2024,9,11,3,"AA",4914,63,261,79,288,1,143,4851
2024,9,12,4,"AA",5732,20,542,59,511,4,504,5712
2024,9,13,5,"AA",5593,3,441,62,376,3,474,5590
2024,9,14,6,"AA",4674,0,289,17,221,4,221,4674
2024,9,15,7,"AA",5686,1,489,41,450,7,472,5685
2024,9,16,1,"AA",5589,6,451,247,592,5,578,5583
2024,9,17,2,"AA",4859,2,379,11,291,1,255,4857
2024,9,18,3,"AA",4913,0,268,24,295,2,221,4913
2024,9,19,4,"AA",5730,2,571,54,603,6,501,5728
2024,9,20,5,"AA",5589,1,578,16,606,4,575,5588
2024,9,21,6,"AA",4669,0,377,20,339,4,288,4669
2024,9,22,7,"AA",5690,2,663,65,736,10,682,5688
2024,9,23,1,"AA",5588,9,642,98,770,5,705,5579
2024,9,24,2,"AA",4860,4,389,74,490,3,360,4856
2024,9,25,3,"AA",4914,38,523,140,729,7,506,4876
2024,9,26,4,"AA",5730,270,672,475,919,4,808,5460
2024,9,27,5,"AA",5589,499,633,979,868,7,1075,5090
2024,9,28,6,"AA",4671,51,421,74,342,5,360,4620
2024,9,29,7,"AA",5691,50,609,70,496,7,632,5641
2024,9,30,1,"AA",5587,25,504,30,372,7,481,5562
2024,10,1,2,"AA",2493,2,184,4,126,3,137,2491
2024,10,2,3,"AA",2490,0,193,8,115,0,130,2490
2024,10,3,4,"AA",2905,0,275,21,206,3,289,2905
2024,10,4,5,"AA",2817,0,263,6,205,3,243,2817
2024,10,5,6,"AA",2438,1,198,2,133,3,159,2437
2024,10,6,7,"AA",2893,2,392,6,271,7,359,2891
2024,10,7,1,"AA",2944,5,403,31,347,6,426,2939
2024,10,8,2,"AA",2880,81,186,84,130,1,145,2799
2024,10,9,3,"AA",2880,314,177,325,117,1,119,2566
2024,10,10,4,"AA",2973,280,228,292,189,2,184,2693
2024,10,11,5,"AA",2974,29,332,34,189,2,359,2945
2024,10,12,6,"AA",2583,11,226,12,146,2,164,2572
2024,10,13,7,"AA",2964,10,285,12,206,3,255,2954
2024,10,14,1,"AA",2972,11,292,17,224,4,313,2961
2024,10,15,2,"AA",2882,11,212,10,175,2,146,2871
2024,10,16,3,"AA",2880,1,231,3,249,2,178,2879
2024,10,17,4,"AA",2972,0,330,2,325,1,320,2972
2024,10,18,5,"AA",2952,0,324,2,302,4,309,2952
2024,10,19,6,"AA",2572,0,272,6,166,5,207,2572
2024,10,20,7,"AA",2957,1,346,0,229,6,300,2956
2024,10,21,1,"AA",2972,0,273,0,176,5,238,2972
2024,10,22,2,"AA",2883,0,189,1,114,4,126,2883
2024,10,23,3,"AA",2880,1,216,1,144,1,145,2879
2024,10,24,4,"AA",2973,0,292,3,208,3,266,2973
2024,10,25,5,"AA",2961,1,283,5,203,3,301,2960
2024,10,26,6,"AA",2578,2,223,68,200,1,229,2576
2024,10,27,7,"AA",2956,0,371,2,230,3,339,2956
2024,10,28,1,"AA",2844,1,251,1,200,2,213,2843
2024,10,29,2,"AA",2521,0,216,1,115,1,119,2521
2024,10,30,3,"AA",2602,2,236,7,227,1,162,2600
2024,10,31,4,"AA",2221,0,275,6,299,2,180,2221
2024,11,1,5,"AA",2691,0,279,1,189,1,220,2691
2024,11,2,6,"AA",2370,1,239,2,184,1,159,2369
2024,11,3,7,"AA",2687,12,350,214,485,4,479,2675
2024,11,4,1,"AA",2540,151,243,349,379,2,279,2389
2024,11,5,2,"AA",2007,74,198,102,143,1,111,1933
2024,11,6,3,"AA",2360,0,188,6,144,0,124,2360
2024,11,7,4,"AA",2696,2,429,16,425,5,438,2694
2024,11,8,5,"AA",2445,194,234,233,280,0,161,2251
2024,11,9,6,"AA",2214,7,207,9,108,7,122,2207
2024,11,10,7,"AA",2807,0,266,3,138,2,244,2807
2024,11,11,1,"AA",2802,1,240,1,143,3,219,2801
2024,11,12,2,"AA",2432,0,153,0,111,0,90,2432
2024,11,13,3,"AA",2371,0,152,2,108,0,79,2371
2024,11,14,4,"AA",2807,2,250,5,209,2,203,2805
2024,11,15,5,"AA",2792,0,251,0,206,1,216,2792
2024,11,16,6,"AA",2285,0,116,0,95,1,75,2285
2024,11,17,7,"AA",2808,4,292,2,261,1,230,2804
2024,11,18,1,"AA",2806,31,297,106,321,3,355,2775
2024,11,19,2,"AA",2448,1,132,3,106,1,82,2447
2024,11,20,3,"AA",2370,2,212,5,170,2,127,2368
2024,11,21,4,"AA",2844,5,380,35,417,0,394,2839
2024,11,22,5,"AA",2843,0,284,12,308,4,267,2843
2024,11,23,6,"AA",2620,0,243,0,170,2,194,2620
2024,11,24,7,"AA",2854,2,235,6,181,2,187,2852
2024,11,25,1,"AA",2855,1,216,2,162,1,170,2854
2024,11,26,2,"AA",2854,0,332,1,220,6,281,2854
2024,11,27,3,"AA",2839,1,219,2,183,3,185,2838
2024,11,28,4,"AA",1172,0,52,1,29,1,16,1172
2024,11,29,5,"AA",2474,0,197,3,136,6,142,2474
2024,11,30,6,"AA",2664,0,391,12,299,16,330,2664
2024,12,1,7,"AA",2923,1,379,4,277,6,349,2922
2024,12,2,1,"AA",2866,3,310,11,205,3,258,2863
2024,12,3,2,"AA",2446,1,223,5,136,4,140,2445
2024,12,4,3,"AA",2349,0,293,19,274,3,208,2349
2024,12,5,4,"AA",2579,3,322,17,310,2,268,2576
2024,12,6,5,"AA",2602,3,313,6,235,2,292,2599
2024,12,7,6,"AA",2250,0,211,3,146,1,148,2250
2024,12,8,7,"AA",2598,1,295,1,153,4,224,2597
2024,12,9,1,"AA",2556,0,226,3,185,2,153,2556
2024,12,10,2,"AA",2372,1,204,10,242,1,158,2371
2024,12,11,3,"AA",2381,3,327,18,345,5,280,2378
2024,12,12,4,"AA",2600,1,357,7,244,1,341,2599
2024,12,13,5,"AA",2603,2,316,5,205,1,288,2601
2024,12,14,6,"AA",2256,3,296,17,159,9,253,2253
2024,12,15,7,"AA",2597,1,281,7,175,3,252,2596
2024,12,16,1,"AA",2557,99,221,235,281,5,245,2458
2024,12,17,2,"AA",2373,50,201,62,110,2,144,2323
2024,12,18,3,"AA",2388,0,258,3,233,3,161,2388
2024,12,19,4,"AA",2707,16,358,41,263,7,307,2691
2024,12,20,5,"AA",2729,42,492,107,466,3,448,2687
2024,12,21,6,"AA",2562,13,496,59,338,3,457,2549
2024,12,22,7,"AA",2720,0,331,21,164,4,319,2720
2024,12,23,1,"AA",2720,1,266,3,126,4,234,2719
2024,12,24,2,"AA",1716,98,689,304,379,2,558,1618
2024,12,25,3,"AA",1839,66,192,102,94,0,115,1773
2024,12,26,4,"AA",2675,306,336,496,402,5,446,2369
2024,12,27,5,"AA",2691,7,732,29,432,7,706,2684
2024,12,28,6,"AA",2541,41,615,312,608,4,726,2500
2024,12,29,7,"AA",2683,15,597,203,518,8,733,2668
2024,12,30,1,"AA",2695,3,260,5,166,5,186,2692
2024,12,31,2,"AA",2163,1,183,7,145,1,113,2162
